Unnamed: 0,branch_smiles,id2mof,metal_node,mof_index,organic_core,randomized,topology,train/test
2,O=S(=O)(O)Cc1nn([Lr])c(CS(=O)(=O)O)c1-c1c(CS(=O)(=O)O)nn([Lr])c1C(S(=O)(=O)O)(S(=O)(=O)O)S(=O)(=O)O,0,sym_7_mc_4,18.0,None,False,acs,1
6,O=C(O)CSC1=C([Lr])C(SCC(=O)O)=C2C(SC(C(=O)O)C(=O)O)=C([Lr])C(SC(C(=O)O)C(=O)O)=C1C(C(=O)O)C2C(=O)O,0,sym_7_mc_4,75.0,None,False,acs,1
13,O=C(O)c1c([Lr])cccc1N1C(C(=O)O)N(c2ccc([Lr])c(C(=O)O)c2C(=O)O)C(C(=O)O)C(C(=O)O)(C(=O)O)C1C(=O)O,0,sym_7_mc_4,160.0,None,False,acs,1
22,O=S(=O)(O)c1c(-c2ccc([Lr])c(S(=O)(=O)O)c2S(=O)(=O)O)ccnc1-c1ccc([Lr])c(S(=O)(=O)O)c1S(=O)(=O)O,0,sym_7_mc_4,243.0,None,False,acs,1
23,O=C(O)c1cc(-c2[nH]c(-c3c(C(=O)O)c([Lr])nc(C(=O)O)c3C(=O)O)cc2C(=O)O)ccc1C(C(=O)O)C([Lr])C(=O)O,0,sym_7_mc_4,252.0,None,False,acs,1
25,O=S(=O)(O)c1c(C(C[Lr])(S(=O)(=O)O)S(=O)(=O)O)cccc1C(C(O[Lr])S(=O)(=O)O)(S(=O)(=O)O)S(=O)(=O)O,0,sym_7_mc_4,271.0,None,False,acs,1
28,O=S(O)C1=C(c2cc(S(=O)O)cc([Lr])c2S(=O)O)CC(C(C(c2cnc([Lr])c(S(=O)O)c2)S(=O)O)S(=O)O)=C1S(=O)O,0,sym_7_mc_4,297.0,None,False,acs,1
31,O=P(O)(O)OC1=C(c2ccc([Lr])cc2OP(=O)(O)O)C(OP(=O)(O)O)=C1c1cc(OP(=O)(O)O)c([Lr])cc1OP(=O)(O)O,0,sym_7_mc_4,338.0,None,False,acs,1
32,O=P(O)(O)Oc1nn([Lr])cc1C1=CC=C(c2c(OP(=O)(O)O)nn([Lr])c2OP(=O)(O)O)C(OP(=O)(O)O)C1OP(=O)(O)O,0,sym_7_mc_4,342.0,None,False,acs,1
33,Cc1c(-c2ccc([Lr])c(C=O)c2)c(C(C=O)C=O)c(C(C=O)C=O)c(-c2cc(C=O)c([Lr])c(C=O)c2C=O)c1C(C=O)C=O,0,sym_7_mc_4,363.0,None,False,acs,1
35,S/C(=C\[Lr])c1ccc(-c2c3c(S)c(S)c(S)cc3c(-c3cc(S)c(/C(S)=C(\S)[Lr])c(S)c3)c3c(S)ccc(S)c23)cc1,0,sym_7_mc_4,373.0,None,False,acs,1
37,CC(C(C=C(C([Lr])S(=O)(=O)O)S(=O)(=O)O)C([Lr])S(=O)(=O)O)(N(S(=O)(=O)O)S(=O)(=O)O)S(=O)(=O)O,0,sym_7_mc_4,385.0,None,False,acs,1
41,O=C=Nc1c(N=C=O)c(-c2nc3ccc([Lr])cc3n2N=C=O)c(N=C=O)c(N=C=O)c1-c1nc2cc([Lr])cc(N=C=O)c2[nH]1,0,sym_7_mc_4,447.0,None,False,acs,1
42,O=S(O)CC(C(CC(C[Lr])(S(=O)O)S(=O)O)C(CC([Lr])(S(=O)O)S(=O)O)(S(=O)O)S(=O)O)N(S(=O)O)S(=O)O,0,sym_7_mc_4,465.0,None,False,acs,1
44,O=P(O)(O)O/C(=C\Sc1cc(OP(=O)(O)O)c([Lr])cc1OP(=O)(O)O)c1ccc([Lr])c(OP(=O)(O)O)c1OP(=O)(O)O,0,sym_7_mc_4,476.0,None,False,acs,1
48,O=P(O)(O)OOc1cc(-c2nnc(-c3c(OP(=O)(O)O)c(O)c([Lr])c(OOP(=O)(O)O)c3OOP(=O)(O)O)nn2)ccc1[Lr],0,sym_7_mc_4,512.0,None,False,acs,1
53,O=S1(=O)c2c(ccc([Lr])c2-c2cc(O)cc(O)c2)-c2c(-c3cc(O)cc(O)c3)cc([Lr])c(-c3cc(O)cc(O)c3)c21,0,sym_7_mc_4,565.0,None,False,acs,0
55,Oc1cc(O)cc(-c2cc(-n3nnc(-c4cc(-c5cc(O)cc(O)c5)c([Lr])c(-c5cc(O)cc(O)c5)n4)n3)ccc2[Lr])c1,0,sym_7_mc_4,627.0,None,False,acs,1
57,O=C(O)/C([Lr])=C(/C(=O)O)c1c2ccccc2c(/C=C(/[Lr])C(=O)O)c2c(C(=O)O)cc(C(=O)O)c(C(=O)O)c12,0,sym_7_mc_4,632.0,None,False,acs,1
58,O=P(O)(O)OOc1c(-c2nnc(-c3cc(OP(=O)(O)O)c([Lr])cc3OP(=O)(O)O)nn2)cc(OP(=O)(O)O)c([Lr])c1O,0,sym_7_mc_4,651.0,None,False,acs,1
59,O=C=NOc1nn([Lr])cc1-c1cc(-c2cc(N=C=O)c(-c3cnn([Lr])c3)c(N=C=O)c2)c(N=C=O)c(N=C=O)c1N=C=O,0,sym_7_mc_4,655.0,None,False,acs,1
60,C#CCN(CCC(C(=O)O)(C(=O)O)C(C(=O)O)(C(=O)O)C(O[Lr])(C(=O)O)C(=O)O)C(C(=O)O)C([Lr])C(=O)O,0,sym_7_mc_4,665.0,None,False,acs,1
61,Oc1cc(O)cc(-c2cc(OC([Lr])c3cc(O)cc(O)c3)c3c(c2[Lr])C(c2cc(O)cc(O)c2)C3c2cc(O)cc(O)c2)c1,0,sym_7_mc_4,667.0,None,False,acs,1
62,Oc1cc(O)cc(C([Lr])=Cc2ccc(C(=C([Lr])c3cc(O)cc(O)c3)c3cc(O)cc(O)c3)cc2-c2cc(O)cc(O)c2)c1,0,sym_7_mc_4,668.0,None,False,acs,1
63,O=S(O)c1cc([Lr])ccc1N1C(S(=O)O)C(c2c(S(=O)O)ccc([Lr])c2S(=O)O)C(S(=O)O)C1(S(=O)O)S(=O)O,0,sym_7_mc_4,693.0,None,False,acs,1
64,NC(=O)c1cc(N2C(C(N)=O)N(c3cccc([Lr])c3C(N)=O)C(C(N)=O)C2(C(N)=O)C(N)=O)c(C(N)=O)cc1[Lr],0,sym_7_mc_4,696.0,None,False,acs,1
65,O=S(O)c1cc(N2CC(S(=O)O)N(c3cc(S(=O)O)c(S(=O)O)c([Lr])c3S(=O)O)C2(S(=O)O)S(=O)O)ccc1[Lr],0,sym_7_mc_4,697.0,None,False,acs,1
67,Oc1cc(O)cc(-c2cc(CC(O[Lr])c3cc(O)cc(O)c3)c(-c3cc(O)cc(O)c3)c(-c3cc(O)cc(O)c3)c2[Lr])c1,0,sym_7_mc_4,728.0,None,False,acs,1
70,O=S(=O)(O)c1cc(C2=NN=NC(c3cc(S(=O)(=O)O)c([Lr])cc3S(=O)(=O)O)N=N2)c(S(=O)(=O)O)cc1[Lr],0,sym_7_mc_4,768.0,None,False,acs,1
71,NC(=O)C=C1N=C(C(N)=O)C(=C=O)C([Lr])=CN1C[SH]=C(C(N)=O)C1=C([Lr])C(=O)C(C(N)=O)N1C(N)=O,0,sym_7_mc_4,784.0,None,False,acs,1
73,O=C1C(c2cc(O)cc(O)c2)=C2C(=CC([Lr])=C2c2cc(O)cc(O)c2)c2cc(-c3cc(O)cc(O)c3)cc([Lr])c21,0,sym_7_mc_4,820.0,None,False,acs,1
74,BrCc1nn([Lr])c(C(Br)(Br)Br)c1-c1cc(Br)c(-c2ccc(-c3c(C(Br)Br)nn([Lr])c3CBr)cc2Br)cc1Br,0,sym_7_mc_4,840.0,None,False,acs,1
75,O=S(=O)(O)c1cc([Lr])c2c(c1[Lr])C(S(=O)(=O)O)C(S(=O)(=O)O)(S(=O)(=O)O)C(S(=O)(=O)O)C2,0,sym_7_mc_4,854.0,None,False,acs,1
78,[Lr]c1ccc(-c2cc(-n3ccnc3)c3c([Lr])c(-n4ccnc4)c(-n4ccnc4)cc3c2-n2ccnc2)c(-n2ccnc2)c1,0,sym_7_mc_4,976.0,None,False,acs,1
79,O=S(O)c1cn(Cc2cc([Lr])c(S(=O)O)cc2-c2c(S(=O)O)cc([Lr])c(S(=O)O)c2S(=O)O)c(S(=O)O)n1,0,sym_7_mc_4,988.0,None,False,acs,1
80,O=S(=O)(O)c1cc(-c2cc(-c3c(S(=O)(=O)O)cc([Lr])c(S(=O)(=O)O)c3S(=O)(=O)O)sn2)ccc1[Lr],0,sym_7_mc_4,994.0,None,False,acs,1
81,O=P(O)(O)Oc1cc(-c2cnn([Lr])c2OP(=O)(O)O)c(OP(=O)(O)O)c(OP(=O)(O)O)c1-c1cnnc([Lr])c1,0,sym_7_mc_4,1017.0,None,False,acs,1
82,O=P(O)(O)Oc1cc([Lr])c2c(c1[Lr])C(OP(=O)(O)O)C(OP(=O)(O)O)C(OP(=O)(O)O)C2OP(=O)(O)O,0,sym_7_mc_4,1053.0,None,False,acs,1
84,O=C1c2cc(OP(=O)(O)O)c([Lr])cc2C(OP(=O)(O)O)c2c(OP(=O)(O)O)c([Lr])cc(OP(=O)(O)O)c21,0,sym_7_mc_4,1069.0,None,False,acs,1
85,O=S(=O)(O)c1cc(S(=O)(=O)O)c(-c2cn([Lr])nc2S(=O)(=O)O)c(S(=O)(=O)O)c1-c1cnn([Lr])c1,0,sym_7_mc_4,1084.0,None,False,acs,1
86,O=P(O)(O)Oc1cc(-c2cn([Lr])cc2OP(=O)(O)O)cc(-c2c(OP(=O)(O)O)nn([Lr])c2OP(=O)(O)O)c1,0,sym_7_mc_4,1085.0,None,False,acs,1
87,[Lr]c1ccc(-c2cnc(-c3c(-c4cncnc4)c([Lr])cc(-c4cncnc4)c3-c3cncnc3)nn2)c(-c2cncnc2)c1,0,sym_7_mc_4,1104.0,None,False,acs,1
88,O=C1c2cc([Lr])c(-c3ccc(O)cc3)c(c2)C(=O)c2c([Lr])c(-c3ccc(O)cc3)cc(-c3ccc(O)cc3)c21,0,sym_7_mc_4,1113.0,None,False,acs,1
89,N#COCSC1=C2CC(OC#N)C(=C(SCOC#N)C([Lr])=C2SC(OC#N)(OC#N)OC#N)C(SC(OC#N)OC#N)=C1[Lr],0,sym_7_mc_4,1118.0,None,False,acs,1
90,O=S(O)CSC1=C([Lr])C(SC(S(=O)O)S(=O)O)=C2C(SC(S(=O)O)S(=O)O)=C([Lr])C(SCS(=O)O)=C12,0,sym_7_mc_4,1123.0,None,False,acs,1
91,Oc1ccc(-c2cc(-c3c(-c4ccc(O)cc4)cc([Lr])c(-c4ccc(O)cc4)c3-c3ccc(O)cc3)ccc2[Lr])cc1,0,sym_7_mc_4,1165.0,None,False,acs,1
92,O=P(O)(O)OC1=C([Lr])C2=C1/C(OP(=O)(O)O)=C\c1c(cnc([Lr])c1OP(=O)(O)O)CN2OP(=O)(O)O,0,sym_7_mc_4,1188.0,None,False,acs,0
93,NC(=O)c1cc(-c2c(C(N)=O)cc([Lr])c(C(N)=O)c2C(C(N)=O)n2ccnc2C(N)=O)c(C(N)=O)cc1[Lr],0,sym_7_mc_4,1198.0,None,False,acs,1
94,Oc1cc(O)cc(C2CC2([Lr])SC(c2cc(O)cc(O)c2)(c2cc(O)cc(O)c2)C([Lr])c2cc(O)cc(O)c2)c1,0,sym_7_mc_4,1238.0,None,False,acs,0
95,Oc1cc(O)cc(C2CC(c3cc(O)cc(O)c3)C([Lr])(c3cc(O)cc(O)c3)C(c3cc(O)cc(O)c3)N2[Lr])c1,0,sym_7_mc_4,1248.0,None,False,acs,1
98,[Lr]C1=C(c2ccccc2)C(C(c2ccccc2)c2ccccc2)=C(c2c([Lr])cc(-c3ccccc3)cc2-c2ccccc2)C1,0,sym_7_mc_4,1269.0,None,False,acs,1
99,Oc1ccc(C2=C([Lr])C3=C(C=C([Lr])C(c4ccc(O)cc4)C(c4ccc(O)cc4)=C3c3ccc(O)cc3)C2)cc1,0,sym_7_mc_4,1271.0,None,False,acs,1
100,Oc1cc(O)cc(C2=C3C(=C(c4cc(O)cc(O)c4)C([Lr])=CC2)C(Br)=C([Lr])C3c2cc(O)cc(O)c2)c1,0,sym_7_mc_4,1279.0,None,False,acs,1
101,[Lr]N1C=CC(C2(c3ccccc3)C(c3ccccc3)=CN([Lr])C(c3ccccc3)=C2c2ccccc2)C(c2ccccc2)=C1,0,sym_7_mc_4,1284.0,None,False,acs,1
102,[Lr]c1cc2ccc3c(-c4ccncc4)c([Lr])c(-c4ccncc4)c4c(-c5ccncc5)c(-c5ccncc5)c(c1)c2c34,0,sym_7_mc_4,1300.0,None,False,acs,1
103,O=S(=O)(O)c1cc(S(=O)(=O)O)c(-c2cn([Lr])nc2S(=O)(=O)O)cc1-c1cn([Lr])cc1S(=O)(=O)O,0,sym_7_mc_4,1320.0,None,False,acs,1
104,[Lr]n1cc(-c2cc(-c3cncnc3)c(-c3cncnc3)c(-c3cc(-c4cncnc4)n([Lr])c3)c2-c2cncnc2)cn1,0,sym_7_mc_4,1321.0,None,False,acs,1
105,O=C1c2cc(-c3ccc(O)cc3)c([Lr])c(-c3ccc(O)cc3)c2C(=O)c2cc([Lr])cc(-c3ccc(O)cc3)c21,0,sym_7_mc_4,1332.0,None,False,acs,1
106,[Lr]n1cc(-c2cc(-c3ccccc3)c(-c3cn([Lr])c(-c4ccccc4)c3-c3ccccc3)c(-c3ccccc3)c2)cn1,0,sym_7_mc_4,1335.0,None,False,acs,1
107,O=S1(=O)c2cc([Lr])cc(-c3ccc(O)cc3)c2-c2c(-c3ccc(O)cc3)cc([Lr])c(-c3ccc(O)cc3)c21,0,sym_7_mc_4,1344.0,None,False,acs,1
108,[Lr]c1ccc(C2=NN=NC(c3c(-n4ccnc4)cc([Lr])c(-n4ccnc4)c3-n3ccnc3)N=N2)c(-n2ccnc2)c1,0,sym_7_mc_4,1355.0,None,False,acs,0
109,O=Cc1cc(/C(CSC(C=O)C=O)=C(\CSC(C=O)(C=O)C=O)c2c(C=O)cc([Lr])cc2C=O)c(C=O)cc1[Lr],0,sym_7_mc_4,1365.0,None,False,acs,1
110,[Lr]c1ccc(-c2nc(-c3[nH]c([Lr])c(-n4ccnc4)c3-n3ccnc3)c(-n3ccnc3)cc2-n2ccnc2)[nH]1,0,sym_7_mc_4,1367.0,None,False,acs,1
112,CSc1c(C=O)c(-c2c(C=O)cc([Lr])c(C=O)c2C=O)c(SCC=O)c(C=O)c1-c1c(C=O)cc([Lr])cc1C=O,0,sym_7_mc_4,1372.0,None,False,acs,1
113,C#Cc1cc(-c2c(C#C)c(C#C)c3c(c2C#C)c2cc(-c4ccc([Lr])cc4C#C)ccc2n3C#C)c(C#C)cc1[Lr],0,sym_7_mc_4,1384.0,None,False,acs,1
114,O=P(O)(O)Oc1cc([Lr])ccc1C(OP(=O)(O)O)(OP(=O)(O)O)C(OP(=O)(O)O)C([Lr])OP(=O)(O)O,0,sym_7_mc_4,1403.0,None,False,acs,1
115,Oc1cc(O)cc(-c2cnc([Lr])c(-c3cc(O)cc(O)c3)c2-c2nc(-c3cc(O)cc(O)c3)c([Lr])cc2O)c1,0,sym_7_mc_4,1425.0,None,False,acs,1
116,O=S(=O)(O)/C(=N\c1cc(S(=O)(=O)O)c([Lr])c(S(=O)(=O)O)c1)c1ccc([Lr])cc1S(=O)(=O)O,0,sym_7_mc_4,1436.0,None,False,acs,1
117,O=S(O)C1=C2C(S(=O)O)C(S(=O)O)C2C(S(=O)O)([SH]2SC([Lr])C2(S(=O)O)S(=O)O)C=C1[Lr],0,sym_7_mc_4,1451.0,None,False,acs,1
118,O=P(O)(O)Oc1cc(C#C[Lr])ccc1-c1c(OP(=O)(O)O)cc(C#C[Lr])c(OP(=O)(O)O)c1OP(=O)(O)O,0,sym_7_mc_4,1452.0,None,False,acs,1
119,NC(=O)c1nn([Lr])cc1C1(C(N)=O)CC(C(N)=O)(C(N)=O)C(c2cnn([Lr])c2)C1(C(N)=O)C(N)=O,0,sym_7_mc_4,1453.0,None,False,acs,1
120,O=c1c2cc(-c3cncnc3)c([Lr])cc2c(-c2cncnc2)cc2c(-c3cncnc3)c([Lr])cc(-c3cncnc3)c12,0,sym_7_mc_4,1456.0,None,False,acs,1
121,[Lr]c1cc(-c2cncnc2)c(-c2cc(-c3ccc([Lr])c(-c4cncnc4)c3-c3cncnc3)ns2)cc1-c1cncnc1,0,sym_7_mc_4,1470.0,None,False,acs,1
122,[Lr]c1c(-c2cncnc2)c2cc3c(c(-c4cncnc4)c4c(c1-2)C4)=CC([Lr])(c1cncnc1)C=3c1cncnc1,0,sym_7_mc_4,1490.0,None,False,acs,1
123,[Lr]C1=C(C2=C3C(=C2C2=C([Lr])C(c4cncnc4)=C2c2cncnc2)N(c2cncnc2)CN3c2cncnc2)C=C1,0,sym_7_mc_4,1500.0,None,False,acs,1
124,O=S(O)C(=CC([Lr])(S(=O)O)S(=O)O)SC(SC(CS)(CC([Lr])(S(=O)O)S(=O)O)S(=O)O)S(=O)O,0,sym_7_mc_4,1539.0,None,False,acs,1
125,[Lr]C1C(n2ccnc2)=CC(n2ccnc2)=C2C1CC(n1ccnc1)(n1ccnc1)C([Lr])(n1ccnc1)C2n1ccnc1,0,sym_7_mc_4,1547.0,None,False,acs,1
126,O=S(=O)(O)c1c([Lr])ccc2c1C(S(=O)(=O)O)C1=C(C([Lr])=C1)C2(S(=O)(=O)O)S(=O)(=O)O,0,sym_7_mc_4,1563.0,None,False,acs,1
127,Oc1cc(O)cc(C2=C([Lr])C(c3cc(O)cc(O)c3)=C3C=[SH]C([Lr])C(c4cc(O)cc(O)c4)=C32)c1,0,sym_7_mc_4,1565.0,None,False,acs,1
128,[Lr]c1cc2c(c(-c3cncnc3)c1)C(c1cncnc1)=c1c(-c3cncnc3)c(-c3cncnc3)c([Lr])cc1=CO2,0,sym_7_mc_4,1593.0,None,False,acs,0
129,O=C=NC1=C(N=C=O)C(N=C=O)=C([Lr])C(N=C=O)C2=C(N=C=O)C(c3ccc([Lr])cc3N=C=O)C=C12,0,sym_7_mc_4,1616.0,None,False,acs,1
130,N#COc1cc(OC#N)c2c(c1)C1(OC#N)c3c([Lr])ccc([Lr])c3C2(OC#N)c2c(OC#N)ccc(OC#N)c21,0,sym_7_mc_4,1630.0,None,False,acs,1
131,NC(=O)C1=CC(c2c(C(N)=O)nn([Lr])c2C(N)=O)=CC(C(N)=O)=C(C(N)=O)C=C1c1cnn([Lr])c1,0,sym_7_mc_4,1643.0,None,False,acs,1
133,NC/C(=C\c1ccc(/C(CN)=C(\CN)c2c(CN)cc([Lr])c(CN)c2CN)c(CN)c1)c1ccc([Lr])c(CN)c1,0,sym_7_mc_4,1661.0,None,False,acs,1
134,Fc1cc(F)c2c(C#Cc3ccc([Lr])c(F)c3F)c3cc(F)c(F)c(F)c3c(C#Cc3ccc([Lr])c(F)c3)c2c1,0,sym_7_mc_4,1677.0,None,False,acs,1
135,CSc1cc(-c2nc3c(SC)c([Lr])c(SC)c(SC)c3[nH]2)c(SC)cc1-c1nc2cc([Lr])cc(SC)c2[nH]1,0,sym_7_mc_4,1681.0,None,False,acs,1
137,[Lr]OC(Cc1cc(C(n2ccnc2)C([Lr])(n2ccnc2)n2ccnc2)cc(-n2ccnc2)c1-n1ccnc1)n1ccnc1,0,sym_7_mc_4,1704.0,None,False,acs,1
138,Oc1ccc(C([Lr])=C(CC2=CC(C(=C([Lr])c3ccc(O)cc3)c3ccc(O)cc3)=C2)c2ccc(O)cc2)cc1,0,sym_7_mc_4,1709.0,None,False,acs,1
139,C=C1C=c2c([Lr])c(-c3cc(O)cc(O)c3)c(-c3cc(O)cc(O)c3)c([Lr])c2=C1c1cc(O)cc(O)c1,0,sym_7_mc_4,1714.0,None,False,acs,1
140,[Lr]c1ccc(-c2cc(-c3ccccc3)c3c(-c4ccccc4)c([Lr])c(-c4ccccc4)nc3c2)cc1-c1ccccc1,0,sym_7_mc_4,1759.0,None,False,acs,1
141,[Lr]c1cc(-c2ccncc2)c(C2=CC(c3cc(-c4ccncc4)n([Lr])c3-c3ccncc3)=C2)cc1-c1ccncc1,0,sym_7_mc_4,1762.0,None,False,acs,1
142,[Lr]c1nc(-c2cncnc2)c(-c2ccc(-c3cn([Lr])nc3-c3cncnc3)cc2-c2cncnc2)nc1-c1cncnc1,0,sym_7_mc_4,1781.0,None,False,acs,1
143,N#CC1=C(C(C#N)(C#N)C#CC(C#N)c2ccc([Lr])c(C#N)c2)C=C1C#Cc1ccc([Lr])c(C#N)c1C#N,0,sym_7_mc_4,1794.0,None,False,acs,1
144,CP(C)C12C=CC(P(C)C)(C3C(=O)N([Lr])C(=O)C31)C1(P(C)C)C(=O)N([Lr])C(=O)C21P(C)C,0,sym_7_mc_4,1795.0,None,False,acs,1
145,NCc1c(-c2cc(N)c(-c3ccc(-c4c(C(N)(N)N)nn([Lr])c4CN)cc3N)c(N)c2)c(C(N)N)nn1[Lr],0,sym_7_mc_4,1803.0,None,False,acs,1
146,O=S(=O)(O)C1=CC([Lr])C(S(=O)(=O)O)=C(S(=O)(=O)O)C2=C(S(=O)(=O)O)C([Lr])C=C12,0,sym_7_mc_4,1823.0,None,False,acs,1
147,Oc1cc(O)cc(C2=C(c3ccc([Lr])c(-c4cc(O)cc(O)c4)n3)C(c3cc(O)cc(O)c3)C=C2[Lr])c1,0,sym_7_mc_4,1836.0,None,False,acs,1
148,Oc1cc(O)cc(-c2cc([Lr])ncc2-c2ncc([Lr])c(-c3cc(O)cc(O)c3)c2-c2cc(O)cc(O)c2)c1,0,sym_7_mc_4,1846.0,None,False,acs,1
149,O=P(O)(O)OC([Lr])=C=CC1=CC(=C(O[Lr])OP(=O)(O)O)C=CC(OP(=O)(O)O)=C1OP(=O)(O)O,0,sym_7_mc_4,1861.0,None,False,acs,1
150,O=P(O)(O)Oc1cc([Lr])cc2c1C1=C(C=C([Lr])C1(OP(=O)(O)O)OP(=O)(O)O)C2OP(=O)(O)O,0,sym_7_mc_4,1868.0,None,False,acs,1
151,O=S(=O)(O)c1cc2c(cc1[Lr])C(S(=O)(=O)O)(S(=O)(=O)O)c1c-2ccc([Lr])c1S(=O)(=O)O,0,sym_7_mc_4,1873.0,None,False,acs,1
152,O=S(O)C1=CC2=C3C(=C2C(S(=O)O)C([Lr])=C1)C(S(=O)O)=CC([Lr])=CC3(S(=O)O)S(=O)O,0,sym_7_mc_4,1887.0,None,False,acs,1
153,O=S(=O)(C1=C([Lr])C(c2ccc(O)cc2)=C1)c1cc(-c2ccc(O)cc2)cc([Lr])c1-c1ccc(O)cc1,0,sym_7_mc_4,1893.0,None,False,acs,1
154,[Lr]n1ccc(-c2ccc(-c3nnn([Lr])c3-c3ccncc3)c(-c3ccncc3)c2-c2ccncc2)c1-c1ccncc1,0,sym_7_mc_4,1901.0,None,False,acs,1
155,[Lr]n1cc(-c2cc(-n3ccnc3)c(-c3cnn([Lr])c3-n3ccnc3)c(-n3ccnc3)c2)c(-n2ccnc2)c1,0,sym_7_mc_4,1905.0,None,False,acs,1
156,O=C1c2cc([Lr])cc(c2)C(=O)c2c(OP(=O)(O)O)c(OP(=O)(O)O)c(OP(=O)(O)O)c([Lr])c21,0,sym_7_mc_4,1919.0,None,False,acs,1
157,O=S(=O)(O)c1nn([Lr])cc1-c1c(F)c(S(=O)(=O)O)c(-c2cnn([Lr])c2)c(F)c1S(=O)(=O)O,0,sym_7_mc_4,1938.0,None,False,acs,1
158,OOc1cc(-c2cc(OO)c3[nH]c4c(OO)cc(-c5cc(OO)c([Lr])cc5OO)c(OO)c4c3c2OO)ccc1[Lr],0,sym_7_mc_4,1961.0,None,False,acs,1
159,Nc1cc([Lr])ccc1C#Cc1c2c(N)c(N)ccc2c(C#Cc2ccc([Lr])c(N)c2N)c2cc(N)c(N)c(N)c12,0,sym_7_mc_4,1965.0,None,False,acs,1
160,O=P(O)(O)Oc1ccc([Lr])c(Oc2cc(OP(=O)(O)O)c([Lr])c(OP(=O)(O)O)c2OP(=O)(O)O)c1,0,sym_7_mc_4,1986.0,None,False,acs,1
161,Oc1cc(O)cc(-c2cc(-c3nc(-c4cc(O)cc(O)c4)n([Lr])c3-c3cc(O)cc(O)c3)ccc2[Lr])c1,0,sym_7_mc_4,1989.0,None,False,acs,0
162,O=S(O)Cc1cc(-c2cc(C(S(=O)O)S(=O)O)c([Lr])c(S(=O)O)c2S(=O)O)cc(S(=O)O)c1[Lr],0,sym_7_mc_4,2008.0,None,False,acs,1
163,[Lr]c1cc(-n2ccnc2)c(-c2nc(Cn3ccnc3)c([Lr])c(-n3ccnc3)c2-n2ccnc2)nc1Cn1ccnc1,0,sym_7_mc_4,2009.0,None,False,acs,1
164,C=C1C(=O)C(c2cc(-c3ccc(O)cc3)c([Lr])cc2-c2ccc(O)cc2)=NC(c2ccc(O)cc2)=C1[Lr],0,sym_7_mc_4,2022.0,None,False,acs,1
165,[Lr]C1=C(c2ccc(-n3ccnc3)c(-n3ccnc3)c2C(C2=C([Lr])N=N2)(n2ccnc2)n2ccnc2)C=C1,0,sym_7_mc_4,2027.0,None,False,acs,1
166,O=S(O)CC(SS(=O)O)(C(C(=CC[Lr])S(=O)O)C(S(=O)O)C([Lr])(S(=O)O)S(=O)O)S(=O)O,0,sym_7_mc_4,2074.0,None,False,acs,1
167,[Lr]N1C(c2ccncc2)C(c2cnn([Lr])c2-c2ccncc2)CC(c2ccncc2)(c2ccncc2)C1c1ccncc1,0,sym_7_mc_4,2089.0,None,False,acs,1
168,O=S(=O)(O)C1=CC2=C(CC=C2[Lr])C(S(=O)(=O)O)=C([Lr])C1(S(=O)(=O)O)S(=O)(=O)O,0,sym_7_mc_4,2103.0,None,False,acs,1
169,[Lr]n1ccc(-c2cc(-c3c(-n4ccnc4)nn([Lr])c3-n3ccnc3)cc(-n3ccnc3)c2)c1-n1ccnc1,0,sym_7_mc_4,2130.0,None,False,acs,1
170,[Lr]n1cc(-c2c(-n3ccnc3)cc(-c3cnn([Lr])c3-n3ccnc3)cc2-n2ccnc2)c(-n2ccnc2)n1,0,sym_7_mc_4,2135.0,None,False,acs,1
171,N#COC1=CC2=C(OC#N)C(OC#N)(c3ccc([Lr])c(OC#N)c3)C=C2C(OC#N)(OC#N)C([Lr])=C1,0,sym_7_mc_4,2147.0,None,False,acs,1
172,O=S(O)c1cc(-c2ccnc(-c3ccc([Lr])c(S(=O)O)c3S(=O)O)c2S(=O)O)c(S(=O)O)cc1[Lr],0,sym_7_mc_4,2153.0,None,False,acs,1
173,Oc1cc(O)cc(-c2nn([Lr])cc2C2C(c3cc(O)cc(O)c3)N=NN([Lr])C2c2cc(O)cc(O)c2)c1,0,sym_7_mc_4,2218.0,None,False,acs,1
174,[Lr]C1=CC2=C1C(c1cncnc1)c1c(c(-c3cncnc3)c([Lr])c(-c3cncnc3)c1-c1cncnc1)C2,0,sym_7_mc_4,2229.0,None,False,acs,1
175,Oc1ccc(-c2c([Lr])cccc3c(-c4ccc(O)cc4)c4c(-c5ccc(O)cc5)c([Lr])c-4sc2-3)cc1,0,sym_7_mc_4,2235.0,None,False,acs,1
176,O=C(O)C1=C(c2c([Lr])cccc2C(=O)O)C(C(=O)O)N1c1cc(C(=O)O)c([Lr])c(C(=O)O)c1,0,sym_7_mc_4,2255.0,None,False,acs,1
177,CCc1cc(CC)c([Lr])c(C(CC)(CC)C2(CC)CC(CC)N(c3cc(CC)c([Lr])cc3CC)C=CC2CC)c1,0,sym_7_mc_4,2272.0,None,False,acs,1
178,O=S(O)C1=C([Lr])C=C1c1ccc(-c2c(S(=O)O)cc([Lr])c(S(=O)O)c2S(=O)O)cc1S(=O)O,0,sym_7_mc_4,2277.0,None,False,acs,1
179,Brc1cc(-c2nc3c(Br)c(Br)c([Lr])cc3[nH]2)ccc1-c1nc2cc(Br)c([Lr])c(Br)c2n1Br,0,sym_7_mc_4,2319.0,None,False,acs,1
180,NCc1cc(-c2nc3c(CN)c([Lr])c(CN)c(CN)c3[nH]2)ccc1-c1nc2ccc([Lr])c(CN)c2n1CN,0,sym_7_mc_4,2323.0,None,False,acs,1
181,Oc1ccc(-c2ccc(C(c3ccc(O)cc3)C([Lr])c3ccc(O)cc3)c(-c3ccc(O)cc3)c2[Lr])cc1,0,sym_7_mc_4,2329.0,None,False,acs,1
182,Oc1cc(O)cc(-c2cc(C#C[Lr])c(-c3cc(O)cc(O)c3)c(C([Lr])c3cc(O)cc(O)c3)c2)c1,0,sym_7_mc_4,2341.0,None,False,acs,1
183,O=P(O)(O)OC1=C2C=C([Lr])C(OP(=O)(O)O)C2C(OP(=O)(O)O)(OP(=O)(O)O)C=C1[Lr],0,sym_7_mc_4,2356.0,None,False,acs,1
184,O=S(O)C1=C([Lr])CC2(S(=O)O)C=CC([Lr])C(S(=O)O)C2(S(=O)O)C1(S(=O)O)S(=O)O,0,sym_7_mc_4,2360.0,None,False,acs,1
185,NC(=O)c1cc([Lr])ccc1C1(C(N)=O)OCC([Lr])(C(N)=O)C(C(N)=O)(C(N)=O)C1C(N)=O,0,sym_7_mc_4,2372.0,None,False,acs,1
186,Oc1ccc(-c2cc(-c3nc(-c4ccc(O)cc4)c([Lr])c(-c4ccc(O)cc4)c3O)cc([Lr])n2)cc1,0,sym_7_mc_4,2379.0,None,False,acs,1
187,[Lr]CN1CC2(C=CN([Lr])C(n3ccnc3)=C2n2ccnc2)C(n2ccnc2)(n2ccnc2)N=C1n1ccnc1,0,sym_7_mc_4,2381.0,None,False,acs,1
188,NC(=O)c1c([Lr])ccc(C2(C(N)=O)C(C(N)=O)C([Lr])C(=O)S(=O)C2C(N)=O)c1C(N)=O,0,sym_7_mc_4,2405.0,None,False,acs,1
189,[Lr]C1=CC2=C/C(c3cncnc3)=C([Lr])\C=C(c3cncnc3)/C=C\2C1(c1cncnc1)c1cncnc1,0,sym_7_mc_4,2408.0,None,False,acs,1
190,NC(=O)/C(=C\c1cc(C(N)=O)c([Lr])c(C(N)=O)c1C(N)=O)Sc1ccc([Lr])c(C(N)=O)c1,0,sym_7_mc_4,2411.0,None,False,acs,1
191,O=C1C(S(=O)(=O)O)=C2C=C([Lr])C=C2c2c(S(=O)(=O)O)cc(S(=O)(=O)O)c([Lr])c21,0,sym_7_mc_4,2417.0,None,False,acs,1
192,C=C1C(=O)C(c2cc(S(=O)(=O)O)c([Lr])c(S(=O)(=O)O)c2)=NC(S(=O)(=O)O)=C1[Lr],0,sym_7_mc_4,2419.0,None,False,acs,1
193,N#Cc1cc(C#N)c2c(c1)C1c3cccc(C#N)c3C2(C#N)c2c([Lr])c(C#N)c(C#N)c([Lr])c21,0,sym_7_mc_4,2458.0,None,False,acs,1
194,N#Cc1cc(C2=CC=C(C(C#N)C(C#N)c3c(C#N)nc([Lr])c(C#N)c3C#N)C2)cc([Lr])c1C#N,0,sym_7_mc_4,2461.0,None,False,acs,1
195,NC(=O)c1cc(-c2cc(C(N)=O)c(C(N)=O)c(-c3[nH]c([Lr])cc3C(N)=O)n2)[nH]c1[Lr],0,sym_7_mc_4,2466.0,None,False,acs,1
196,Oc1ccc(-c2cc(C(c3ccc(O)cc3)(c3ccc(O)cc3)C([Lr])c3ccc(O)cc3)ccc2[Lr])cc1,0,sym_7_mc_4,2489.0,None,False,acs,1
197,Oc1ccc(NC(OC=CC(c2ccc(O)cc2)C(O[Lr])c2ccc(O)cc2)(OO[Lr])c2ccc(O)cc2)cc1,0,sym_7_mc_4,2496.0,None,False,acs,1
198,[Lr]C1=C(c2ccncc2)C(C(OC(c2ccncc2)C([Lr])c2ccncc2)c2ccncc2)=C1Cc1ccncc1,0,sym_7_mc_4,2517.0,None,False,acs,1
199,[Lr]CC=C(n1ccnc1)S(Cn1ccnc1)(n1ccnc1)C(Nn1ccnc1)(C([Lr])n1ccnc1)n1ccnc1,0,sym_7_mc_4,2521.0,None,False,acs,1
200,Oc1cc(O)cc(C2C(c3cnn([Lr])c3)C(c3cc(O)cc(O)c3)(c3cc(O)cc(O)c3)N2[Lr])c1,0,sym_7_mc_4,2523.0,None,False,acs,1
201,NC(=O)C1CN([Lr])C(C(N)=O)C(C(N)=O)(C(C(N)=O)(C(N)=O)C2C=C2[Lr])C1C(N)=O,0,sym_7_mc_4,2526.0,None,False,acs,1
202,Oc1cc(O)cc(C2=C([Lr])C=C3C2C(c2cc(O)cc(O)c2)C([Lr])=S3c2cc(O)cc(O)c2)c1,0,sym_7_mc_4,2538.0,None,False,acs,1
203,Oc1ccc(-c2cc(-c3ccc([Lr])[nH]3)c(-c3ccc(O)cc3)c(-c3ccc(O)cc3)c2[Lr])cc1,0,sym_7_mc_4,2547.0,None,False,acs,1
204,O=S(O)C(=C(c1cc(S(=O)O)c([Lr])c(S(=O)O)c1)S(=O)O)c1ccc([Lr])c(S(=O)O)c1,0,sym_7_mc_4,2548.0,None,False,acs,1
205,O=S(O)C1=C2C(=CCC=C1[Lr])C(S(=O)O)c1c2c(S(=O)O)c(S(=O)O)c([Lr])c1S(=O)O,0,sym_7_mc_4,2560.0,None,False,acs,1
206,O=C1N(c2cncnc2)C(C2=C([Lr])C=N2)NCC([Lr])(c2cncnc2)C1(c1cncnc1)c1cncnc1,0,sym_7_mc_4,2568.0,None,False,acs,1
207,[Lr]C1=CC2=C(c3cncnc3)C3=C(C(c4cncnc4)=CC3[Lr])C(c3cncnc3)C2=C1c1cncnc1,0,sym_7_mc_4,2570.0,None,False,acs,0
208,COc1cc([Lr])c(OC)c(OC)c1N1C(OC)C(OC)N(c2ccc([Lr])cc2)C(OC)C(OC)C1(OC)OC,0,sym_7_mc_4,2634.0,None,False,acs,1
209,Fc1cc(-c2cn([Lr])nc2-c2ccncc2)c(F)c(-c2ccncc2)c1-c1cn([Lr])nc1-c1ccncc1,0,sym_7_mc_4,2653.0,None,False,acs,1
210,SC(O[Lr])OC(=C(c1cncnc1)C(c1cncnc1)C(c1cncnc1)C([Lr])c1cncnc1)c1cncnc1,0,sym_7_mc_4,2672.0,None,False,acs,1
211,[Lr]c1c(-c2ccncc2)cc2c(c1-c1ccncc1)C(c1ccncc1)(c1ccncc1)C1=C2C=CC1[Lr],0,sym_7_mc_4,2703.0,None,False,acs,1
212,Oc1ccc(-c2c([Lr])cc3cc4c(c(-c5ccc(O)cc5)c3c2-c2ccc(O)cc2)=CC=4[Lr])cc1,0,sym_7_mc_4,2704.0,None,False,acs,1
213,[Lr]c1cc(-n2ccnc2)c2c(c1)C(n1ccnc1)(n1ccnc1)c1cc([Lr])c(-n3ccnc3)cc1-2,0,sym_7_mc_4,2722.0,None,False,acs,1
214,[Lr]c1ccc(C2=NC(Oc3cc(-c4ccccc4)c([Lr])c(-c4ccccc4)n3)=N2)cc1-c1ccccc1,0,sym_7_mc_4,2752.0,None,False,acs,1
215,[Lr]c1ccc(-c2nnn(-c3c(-c4cncnc4)cc([Lr])c(-c4cncnc4)c3-c3cncnc3)n2)nc1,0,sym_7_mc_4,2760.0,None,False,acs,1
216,O=C1C=C([Lr])C(c2ccccc2)=C1c1nnc(-c2ccc([Lr])cc2-c2ccccc2)nc1-c1ccccc1,0,sym_7_mc_4,2782.0,None,False,acs,1
217,COCSc1c(OC)c(-c2c(OC)cc([Lr])cc2OC)c(SCOC)c(OC)c1-c1ccc([Lr])c(OC)c1OC,0,sym_7_mc_4,2808.0,None,False,acs,1
218,FC1=CN(c2c(F)cc([Lr])c(F)c2F)C(F)=CC1C1(F)C=CN(C2=C(F)C([Lr])=C2F)C=C1,0,sym_7_mc_4,2819.0,None,False,acs,0
219,Oc1ccc(C2NC([Lr])(c3ccc(O)cc3)NN(c3ccc(O)cc3)NC2([Lr])c2ccc(O)cc2)cc1,0,sym_7_mc_4,2839.0,None,False,acs,1
220,CP(C)CC(S)(C(C=CC([Lr])(P(C)C)P(C)C)C(P(C)C)C([Lr])(P(C)C)P(C)C)P(C)C,0,sym_7_mc_4,2857.0,None,False,acs,1
221,CP(C)Cc1nn([Lr])c(CP(C)C)c1-c1c(C(P(C)C)P(C)C)nn([Lr])c1C(P(C)C)P(C)C,0,sym_7_mc_4,2921.0,None,False,acs,1
222,O=C(O)C1=C(c2cnc(-c3cc(C(=O)O)c([Lr])cc3C(=O)O)c(C(=O)O)c2)C([Lr])=C1,0,sym_7_mc_4,2929.0,None,False,acs,1
223,O=C1c2ccc([Lr])c(-c3ccccc3)c2C(=O)c2c1cc([Lr])c(-c1ccccc1)c2-c1ccccc1,0,sym_7_mc_4,2930.0,None,False,acs,1
224,O=CC1=CC([Lr])=C(C=O)C1=C1CCN(c2cc(C=O)c([Lr])cc2C=O)C(C=O)C1(C=O)C=O,0,sym_7_mc_4,2960.0,None,False,acs,1
225,O=C(O)c1cc(-c2[nH]c([Lr])cc2C(=O)O)nc(-c2cc(C(=O)O)c([Lr])n2C(=O)O)c1,0,sym_7_mc_4,2977.0,None,False,acs,1
226,[Lr]C1=NC(n2ccnc2)(n2ccnc2)C(C(CC([Lr])n2ccnc2)n2ccnc2)=C(n2ccnc2)C1,0,sym_7_mc_4,3025.0,None,False,acs,1
227,[Lr]C1C=C(c2ccncc2)C2=CC([Lr])(c3ccncc3)C(c3ccncc3)=C2C(c2ccncc2)=C1,0,sym_7_mc_4,3031.0,None,False,acs,1
228,[Lr]C1=C2CC(c3ccccc3)(c3ccccc3)OC(c3ccccc3)C=C2C([Lr])=C(c2ccccc2)S1,0,sym_7_mc_4,3033.0,None,False,acs,1
229,[Lr]C1=C2C(=CC(c3cncnc3)OC(c3cncnc3)C2c2cncnc2)C([Lr])=C(c2cncnc2)S1,0,sym_7_mc_4,3034.0,None,False,acs,1
230,[Lr]c1cc2cc3ccc([Lr])c(-n4ccnc4)c3c(-n3ccnc3)c2c(-n2ccnc2)c1-n1ccnc1,0,sym_7_mc_4,3044.0,None,False,acs,1
231,O=C=Nc1c(C(CC(N=C=O)(N=C=O)C(N=C=O)c2cnn([Lr])c2N=C=O)N=C=O)cnn1[Lr],0,sym_7_mc_4,3047.0,None,False,acs,1
232,CP(C)c1nn([Lr])c(P(C)C)c1C(C(CC(c1cnn([Lr])c1P(C)C)P(C)C)P(C)C)P(C)C,0,sym_7_mc_4,3048.0,None,False,acs,1
233,O=P(O)(O)Oc1cc([Lr])cc2c1[nH]c1c(OP(=O)(O)O)cc([Lr])c(OP(=O)(O)O)c12,0,sym_7_mc_4,3062.0,None,False,acs,1
234,O=C=NC1=C([Lr])C=C2C(=C(N=C=O)C1N=C=O)C(N=C=O)c1cc([Lr])c(N=C=O)cc12,0,sym_7_mc_4,3076.0,None,False,acs,1
235,N#Cc1cc([Lr])cc(-c2ccncc2)c1-c1c(-c2ccncc2)cc([Lr])c(-c2ccncc2)c1C#N,0,sym_7_mc_4,3092.0,None,False,acs,1
236,NC(=O)c1cc(C(N)=O)c2c(C#C[Lr])c3c(C(N)=O)ccc(C(N)=O)c3c(C#C[Lr])c2c1,0,sym_7_mc_4,3095.0,None,False,acs,1
237,O=S1(=O)c2c(cc(-n3ccnc3)c(-n3ccnc3)c2[Lr])-c2ccc([Lr])c(-n3ccnc3)c21,0,sym_7_mc_4,3114.0,None,False,acs,1
238,O=C1c2cc([Lr])c(-n3ccnc3)c(c2)C(=O)c2c1cc(-n1ccnc1)c(-n1ccnc1)c2[Lr],0,sym_7_mc_4,3127.0,None,False,acs,1
239,ClCc1c(-c2ccc(-c3c(C(Cl)Cl)nn([Lr])c3C(Cl)Cl)cc2Cl)c(C(Cl)Cl)nn1[Lr],0,sym_7_mc_4,3164.0,None,False,acs,0
240,OOCc1nn([Lr])c(C(OO)OO)c1-c1cc(OO)c(-c2c(COO)nn([Lr])c2C(OO)OO)cc1OO,0,sym_7_mc_4,3166.0,None,False,acs,1
241,CSC1=C(C#Cc2ccc([Lr])c(SC)c2SC)C=C1CC#CC(SC)(SC)c1cc(SC)c([Lr])cc1SC,0,sym_7_mc_4,3171.0,None,False,acs,1
242,C/C(=C\c1ccc(/C=C(\C)c2c(C)cc([Lr])c(C)c2C)c(C)c1)c1c(C)cc([Lr])cc1C,0,sym_7_mc_4,3172.0,None,False,acs,1
243,S/C(=C\c1ccc([Lr])c(S)c1S)c1ccc(/C=C(\S)c2c(S)cc([Lr])c(S)c2S)c(S)c1,0,sym_7_mc_4,3174.0,None,False,acs,1
244,CCc1ccc(-c2cn([Lr])nc2O)cc1-c1c(CC)c(CC)c(-c2cnn([Lr])c2CC)c(CC)c1CC,0,sym_7_mc_4,3182.0,None,False,acs,1
245,OOc1c(-c2nc3cc([Lr])cc(OO)c3n2OO)ccc(-c2nc3cc([Lr])cc(OO)c3n2OO)c1OO,0,sym_7_mc_4,3198.0,None,False,acs,1
246,NC(=O)C([Lr])/C=C/C(C(N)=O)(C(N)=O)C(SC(C(N)=O)C([Lr])C(N)=O)C(N)=O,0,sym_7_mc_4,3209.0,None,False,acs,1
247,O=P(O)(O)Oc1cc(C(OP(=O)(O)O)C(O[Lr])OP(=O)(O)O)cc([Lr])c1OP(=O)(O)O,0,sym_7_mc_4,3216.0,None,False,acs,1
248,Oc1cc(O)cc(C2=CC(C(CO[Lr])(c3cc(O)cc(O)c3)c3cc(O)cc(O)c3)=C2[Lr])c1,0,sym_7_mc_4,3232.0,None,False,acs,1
249,Oc1cc(O)cc(C2=CC([Lr])=C2C(c2cc(O)cc(O)c2)N(C[Lr])c2cc(O)cc(O)c2)c1,0,sym_7_mc_4,3233.0,None,False,acs,1
250,Oc1cc(O)cc(C2=C(C(NC([Lr])c3cc(O)cc(O)c3)c3cc(O)cc(O)c3)C=C2[Lr])c1,0,sym_7_mc_4,3243.0,None,False,acs,1
251,[Lr]c1cc(-c2ccccc2)c(NN2CN([Lr])C(c3ccccc3)=C2c2ccccc2)cc1-c1ccccc1,0,sym_7_mc_4,3264.0,None,False,acs,1
252,Oc1ccc(C2=C([Lr])C=C(c3ccc([Lr])c(-c4ccc(O)cc4)n3)C2c2ccc(O)cc2)cc1,0,sym_7_mc_4,3266.0,None,False,acs,1
253,NC(=O)Cc1nc(-c2nc(C(C(N)=O)(C(N)=O)C(N)=O)c([Lr])cc2C(N)=O)ccc1[Lr],0,sym_7_mc_4,3300.0,None,False,acs,1
254,CP(C)c1cc([Lr])ccc1C1(P(C)C)C(P(C)C)S(=O)C(=O)C([Lr])C1(P(C)C)P(C)C,0,sym_7_mc_4,3310.0,None,False,acs,1
255,O=C=N/C(Sc1ccc([Lr])c(N=C=O)c1N=C=O)=C(/N=C=O)c1ccc([Lr])c(N=C=O)c1,0,sym_7_mc_4,3311.0,None,False,acs,1
256,O=C1c2cc([Lr])ccc2-c2c([Lr])c(-c3ccncc3)c(-c3ccncc3)c(-c3ccncc3)c21,0,sym_7_mc_4,3314.0,None,False,acs,1
257,N#COc1nn([Lr])cc1C1(OC#N)CC(OC#N)(OC#N)C(OC#N)(c2cn([Lr])nc2OC#N)C1,0,sym_7_mc_4,3321.0,None,False,acs,1
258,CP(C)c1cc(-n2cc(P(C)C)n2-c2c(P(C)C)cc([Lr])c(P(C)C)c2P(C)C)ccc1[Lr],0,sym_7_mc_4,3329.0,None,False,acs,1
259,NC(=O)C1=CC([Lr])=C1c1cc(C(N)=O)c(C(N)=O)c(C(N)=O)c1CC1=C([Lr])N=N1,0,sym_7_mc_4,3331.0,None,False,acs,1
260,O=S(O)C1=C(S(=O)O)C(c2ccc(S(=O)O)c(S(=O)O)c2CC2=C([Lr])N=N2)=C1[Lr],0,sym_7_mc_4,3332.0,None,False,acs,1
261,O=S(O)c1cc(-c2cn(-c3c(S(=O)O)cc([Lr])c(S(=O)O)c3S(=O)O)nn2)ccc1[Lr],0,sym_7_mc_4,3346.0,None,False,acs,1
262,NC(=O)c1cc([Lr])cc(C(N)=O)c1N1[N]C(c2ccc([Lr])c(C(N)=O)c2C(N)=O)=N1,0,sym_7_mc_4,3372.0,None,False,acs,1
263,S=CC1=CN(c2cc(C=S)c([Lr])c(C=S)c2)C(C=S)N(C=S)N1c1ccc([Lr])c(C=S)c1,0,sym_7_mc_4,3374.0,None,False,acs,1
264,CSc1ccc2c(c1)C=C(C([Lr])(SC)SC)CC1=C2c2c(SC)c(SC)c([Lr])c(SC)c2C1SC,0,sym_7_mc_4,3389.0,None,False,acs,1
265,Pc1ccc2c(c1P)NC(Nc1c(P)cc([Lr])c(P)c1P)C(Nc1c(P)cc([Lr])c(P)c1P)=N2,0,sym_7_mc_4,3403.0,None,False,acs,1
266,O=P(O)(O)Oc1cc(OP(=O)(O)O)c(C(OP(=O)(O)O)C([Lr])OP(=O)(O)O)cc1[Lr],0,sym_7_mc_4,3430.0,None,False,acs,1
267,O=S(=O)(O)c1cc([Lr])cn1CN(C([Lr])(S(=O)(=O)O)S(=O)(=O)O)S(=O)(=O)O,0,sym_7_mc_4,3440.0,None,False,acs,1
268,Oc1ccc(-c2cc([Lr])c(-c3ccc(O)cc3)c3c2OC(c2ccc(O)cc2)C([Lr])=C3)cc1,0,sym_7_mc_4,3457.0,None,False,acs,1
269,N#COC(C#N)(C#N)CS(C#N)(C(C#N)C(C#N)=CCC(C#N)O[Lr])C(C#N)C([Lr])C#N,0,sym_7_mc_4,3466.0,None,False,acs,1
270,[Lr]c1c2c(c([Lr])c3c1C(c1ccccc1)C3c1ccccc1)C(c1ccccc1)(c1ccccc1)C2,0,sym_7_mc_4,3471.0,None,False,acs,1
271,[Lr]C1=CC2=C(C=CC(c3cncnc3)(c3cncnc3)C([Lr])=C2c2cncnc2)C1c1cncnc1,0,sym_7_mc_4,3488.0,None,False,acs,1
272,[Lr]C1=C(n2ccnc2)C2=C1Cc1c(cc([Lr])c(-n3ccnc3)c1-n1ccnc1)C2n1ccnc1,0,sym_7_mc_4,3493.0,None,False,acs,1
273,[Lr]C1=CC2=C(C=C(c3ccccc3)C1c1ccccc1)C([Lr])=C(c1ccccc1)C2c1ccccc1,0,sym_7_mc_4,3494.0,None,False,acs,1
274,O=P(O)(O)OC1=CC23C(=C2C=C([Lr])C(OP(=O)(O)O)=C3OP(=O)(O)O)C=C1[Lr],0,sym_7_mc_4,3508.0,None,False,acs,1
275,O=Cc1cc(N2C(C=O)CN(c3c(C=O)cc([Lr])cc3C=O)C2C=O)c(C=O)c(C=O)c1[Lr],0,sym_7_mc_4,3561.0,None,False,acs,1
276,O=S(O)c1cc(-c2cnn([Lr])c2)c(S(=O)O)c(-c2cn([Lr])nc2S(=O)O)c1S(=O)O,0,sym_7_mc_4,3569.0,None,False,acs,1
277,NC(=O)c1cc(-c2cnn([Lr])c2)c(C(N)=O)c(C(N)=O)c1-c1cn([Lr])nc1C(N)=O,0,sym_7_mc_4,3578.0,None,False,acs,1
278,N#COc1cc([Lr])c(OC#N)c(OC#N)c1-c1ccnc(-c2ccc([Lr])c(OC#N)c2OC#N)c1,0,sym_7_mc_4,3603.0,None,False,acs,1
279,O=c1oc2cc([Lr])c(OP(=O)(O)O)c3c(=O)oc4cc([Lr])c(OP(=O)(O)O)c1c4c23,0,sym_7_mc_4,3611.0,None,False,acs,1
280,O=C=C1C=NC(=CBr)N(C(Br)(Br)[SH]=CC2=C([Lr])C(=O)C(Br)N2Br)C=C1[Lr],0,sym_7_mc_4,3639.0,None,False,acs,1
281,Oc1cc([Lr])ccc1-c1ccc2c(c1O)c1c(O)c(-c3c(O)cc([Lr])cc3O)c(O)cc1n2O,0,sym_7_mc_4,3640.0,None,False,acs,1
282,Nc1cc(-c2c(N)cc3c(c2N)c2cc(-c4c(N)cc([Lr])cc4N)cc(N)c2n3N)ccc1[Lr],0,sym_7_mc_4,3641.0,None,False,acs,1
283,Oc1cc(O)cc(C2C=C([Lr])C(c3cc(O)cc(O)c3)N([Lr])C2c2cc(O)cc(O)c2)c1,0,sym_7_mc_4,3658.0,None,False,acs,1
284,Oc1cc(O)cc(C2NC(c3cc(O)cc(O)c3)(c3cc(O)cc(O)c3)C([Lr])=CC2[Lr])c1,0,sym_7_mc_4,3663.0,None,False,acs,1
285,Oc1cc(O)cc(C2C=CN([Lr])C(c3cc(O)cc(O)c3)(c3cc(O)cc(O)c3)C2[Lr])c1,0,sym_7_mc_4,3667.0,None,False,acs,1
286,O=P(O)(O)OC1=C([Lr])C(OP(=O)(O)O)(OP(=O)(O)O)CC(OP(=O)(O)O)C1[Lr],0,sym_7_mc_4,3682.0,None,False,acs,1
287,SC(O[Lr])OC=CC(n1ccnc1)(n1ccnc1)C(C([Lr])n1ccnc1)(n1ccnc1)n1ccnc1,0,sym_7_mc_4,3683.0,None,False,acs,1
288,O=C(O)CS(C=C(C[Lr])C(=O)O)(C(=O)O)C(NC(=O)O)(C(=O)O)C([Lr])C(=O)O,0,sym_7_mc_4,3699.0,None,False,acs,1
289,[Lr]OCC1=C(c2ccncc2)C=C2C(c3ccncc3)=C(c3ccncc3)C([Lr])C21c1ccncc1,0,sym_7_mc_4,3712.0,None,False,acs,1
290,O=P(O)(O)Oc1cc([Lr])cc2cc3c(OP(=O)(O)O)c([Lr])c-3sc-2c1OP(=O)(O)O,0,sym_7_mc_4,3734.0,None,False,acs,1
291,O=c1cc([Lr])cc(-c2cncnc2)c(-c2cncnc2)c1-c1cc(-c2cncnc2)c([Lr])cn1,0,sym_7_mc_4,3762.0,None,False,acs,1
292,O=S(O)c1cc([Lr])ccc1S(=O)(=O)c1c(S(=O)O)cc(S(=O)O)c([Lr])c1S(=O)O,0,sym_7_mc_4,3805.0,None,False,acs,1
293,N#Cc1cn(C(C#N)c2cc([Lr])c(C#N)c(C#N)c2-c2c(C#N)cc([Lr])cc2C#N)cn1,0,sym_7_mc_4,3814.0,None,False,acs,1
294,O=C=NC1=C([Lr])C(c2cnc(-c3cc(N=C=O)c([Lr])cc3N=C=O)c(N=C=O)c2)=C1,0,sym_7_mc_4,3816.0,None,False,acs,1
295,CP(C)c1c([Lr])ccc(C2=NC(C3=CC(P(C)C)(P(C)C)C([Lr])=C3)=N2)c1P(C)C,0,sym_7_mc_4,3821.0,None,False,acs,1
296,CC(S)c1c(-c2c(C(S)(S)C(S)(S)S)nn([Lr])c2C(C)S)c(C(S)(S)CS)nn1[Lr],0,sym_7_mc_4,3827.0,None,False,acs,1
297,O=C(O)c1cc([Lr])ccc1-c1oc(-c2cc([Lr])cc(C(=O)O)c2C(=O)O)nc1C(=O)O,0,sym_7_mc_4,3829.0,None,False,acs,1
298,NC(=O)c1cc(-c2oc(-c3ccc([Lr])c(C(N)=O)c3C(N)=O)nc2C(N)=O)ccc1[Lr],0,sym_7_mc_4,3832.0,None,False,acs,1
299,O=S(O)c1cc([Lr])ccc1-c1oc(-c2ccc([Lr])c(S(=O)O)c2S(=O)O)nc1S(=O)O,0,sym_7_mc_4,3833.0,None,False,acs,1
300,NC(=O)c1cc(-c2cnn([Lr])c2C(N)=O)cc(C(N)=O)c1-c1ncc([Lr])nc1C(N)=O,0,sym_7_mc_4,3838.0,None,False,acs,1
301,NCc1ccc(CN)c2c1C=C(C([Lr])CN)C(CN)C1=C2c2c(CN)cc([Lr])c(CN)c2C1CN,0,sym_7_mc_4,3858.0,None,False,acs,1
302,CCc1cc(-c2ccc(-c3ccc(C(CC)C([Lr])CC)c(CC)c3CC)n2CC)c(CC)c([Lr])n1,0,sym_7_mc_4,3866.0,None,False,acs,1
303,Oc1cc(N(O)C2=Nc3cccc(O)c3NC2(O)N(O)c2c(O)cc([Lr])c(O)c2O)ccc1[Lr],0,sym_7_mc_4,3873.0,None,False,acs,0
304,C=C1N=CC(=C=O)C([Lr])=CN1CS(SC)=C(SC)C1=C([Lr])C(=O)C(SC)(SC)N1SC,0,sym_7_mc_4,3876.0,None,False,acs,1
305,O=S(=O)(O)C1C([Lr])NC(S(=O)(=O)O)C(S(=O)(=O)O)(S(=O)(=O)O)N1[Lr],0,sym_7_mc_4,3900.0,None,False,acs,1
306,O=S(=O)(O)C1CNN([Lr])C(S(=O)(=O)O)(S(=O)(=O)O)C1([Lr])S(=O)(=O)O,0,sym_7_mc_4,3902.0,None,False,acs,0
307,O=P(O)(O)OC1CN(OP(=O)(O)O)N([Lr])C(OP(=O)(O)O)C1([Lr])OP(=O)(O)O,0,sym_7_mc_4,3903.0,None,False,acs,1
308,O=S(=O)(O)C1NN([Lr])C(S(=O)(=O)O)C1C([Lr])(S(=O)(=O)O)S(=O)(=O)O,0,sym_7_mc_4,3911.0,None,False,acs,1
309,O=S(=O)(O)C1C(S(=O)(=O)O)N([Lr])CC([Lr])(S(=O)(=O)O)C1S(=O)(=O)O,0,sym_7_mc_4,3932.0,None,False,acs,1
310,[Lr]C1=CC2=C(C1)C(n1ccnc1)=C(n1ccnc1)C(n1ccnc1)C([Lr])=C2n1ccnc1,0,sym_7_mc_4,3985.0,None,False,acs,1
311,O=S(=O)(O)Oc1c(-c2ccnc([Lr])c2)nc(S(=O)(=O)O)c([Lr])c1S(=O)(=O)O,0,sym_7_mc_4,4006.0,None,False,acs,1
312,O=C(O)C1=C([Lr])C(C(=O)O)c2cc(C(=O)O)c3c(c21)C(C(=O)O)=C([Lr])C3,0,sym_7_mc_4,4030.0,None,False,acs,1
313,CP(C)c1cc(-c2cnn([Lr])c2P(C)C)ccc1C1(P(C)C)C(P(C)C)C1([Lr])P(C)C,0,sym_7_mc_4,4040.0,None,False,acs,1
314,O=C(O)c1cc2c(c(C(=O)O)c1[Lr])C(C(=O)O)c1c(ccc([Lr])c1C(=O)O)C2=O,0,sym_7_mc_4,4052.0,None,False,acs,1
315,O=C(O)C1=CC23C(C(=O)O)(C=C1[Lr])C21C=CC([Lr])=C(C(=O)O)C13C(=O)O,0,sym_7_mc_4,4057.0,None,False,acs,1
316,NCc1cc([Lr])ccc1N1NC(CN)C(CN)C(CN)(c2c(CN)cc(CN)c([Lr])c2CN)C1CN,0,sym_7_mc_4,4066.0,None,False,acs,1
317,O=S(O)c1nn([Lr])cc1-c1ccc(-c2cnn([Lr])c2S(=O)O)c(S(=O)O)c1S(=O)O,0,sym_7_mc_4,4075.0,None,False,acs,1
318,NCc1cc([Lr])ccc1N1C(CN)CC(CN)(CN)N(c2c(CN)c([Lr])cc(CN)c2CN)C1CN,0,sym_7_mc_4,4099.0,None,False,acs,1
319,CCC1=CC([Lr])=CC1=C1C(CC)C(CC)N(c2cc(CC)c([Lr])c(CC)c2)CC1(CC)CC,0,sym_7_mc_4,4122.0,None,False,acs,1
320,S=Cc1cc(Oc2c(C=S)cc(Oc3ccc([Lr])cc3C=S)c(C=S)c2C=S)c(C=S)cc1[Lr],0,sym_7_mc_4,4128.0,None,False,acs,1
321,N#COC=C1N=NN([Lr])C(COC#N)=C1C1=C(OC#N)C(COC#N)=NN([Lr])N=C1OC#N,0,sym_7_mc_4,4144.0,None,False,acs,1
322,O=c1oc2c(-c3ccccc3)c([Lr])c(-c3ccccc3)c3c(=O)oc4cc([Lr])cc1c4c23,0,sym_7_mc_4,4145.0,None,False,acs,1
323,C#COc1cc(C(=O)OOC(=O)c2c(O)c(C#C)c([Lr])c(OC#C)c2C#C)c(O)cc1[Lr],0,sym_7_mc_4,4171.0,None,False,acs,1
324,Oc1cc(-c2cn([Lr])nc2O)cc(-c2c(O)cc(-c3c(O)nn([Lr])c3O)c(O)c2O)c1,0,sym_7_mc_4,4183.0,None,False,acs,1
325,C#CC(C=S)N(C(C=S)CC(C=S)(C=S)C(C=S)C(C=S)O[Lr])C(C=S)C([Lr])C=S,0,sym_7_mc_4,4214.0,None,False,acs,1
326,O=S(=O)(O)c1cc([Lr])c(Oc2cc(S(=O)(=O)O)c([Lr])cc2S(=O)(=O)O)cn1,0,sym_7_mc_4,4237.0,None,False,acs,1
327,Oc1cc(O)cc(-c2nc(-c3nc(-c4cc(O)cc(O)c4)c([Lr])[nH]3)ncc2[Lr])c1,0,sym_7_mc_4,4272.0,None,False,acs,1
328,O=S(O)C1=C2C=C([Lr])C=C2CC2=C1C([Lr])(S(=O)O)C(S(=O)O)=C2S(=O)O,0,sym_7_mc_4,4296.0,None,False,acs,1
329,O=P(O)(O)Oc1c([Lr])cc2c(c1OP(=O)(O)O)c1ccc([Lr])cc1n2OP(=O)(O)O,0,sym_7_mc_4,4300.0,None,False,acs,1
330,[Lr]C1=Cc2cc3c(c(-c4ccccc4)c2=C1c1ccccc1)C(c1ccccc1)=C([Lr])C=3,0,sym_7_mc_4,4303.0,None,False,acs,1
331,O=C1C2=C(n3ccnc3)C([Lr])C=C2c2cc(-n3ccnc3)c([Lr])c(-n3ccnc3)c21,0,sym_7_mc_4,4308.0,None,False,acs,1
332,O=C(O)c1cc(-c2cc(C(=O)O)c(C#C[Lr])c(C(=O)O)c2C(=O)O)ccc1C#C[Lr],0,sym_7_mc_4,4313.0,None,False,acs,1
333,C#Cc1c(C#C)c2c(cc(C#C)c3c(C#C)c([Lr])cc(C#C)c32)c2ccc([Lr])cc12,0,sym_7_mc_4,4328.0,None,False,acs,1
334,CC(F)(F)c1c(-c2c(C(F)(F)CF)nn([Lr])c2C(F)CF)c(C(F)C(F)F)nn1[Lr],0,sym_7_mc_4,4339.0,None,False,acs,1
335,CP(C)c1cc([Lr])cc(P(C)C)c1-n1nnc(-c2ccc([Lr])c(P(C)C)c2P(C)C)n1,0,sym_7_mc_4,4348.0,None,False,acs,1
336,O=C=Nc1cc([Lr])ccc1-c1nc(N=C=O)c(-c2ccc([Lr])c(N=C=O)c2N=C=O)o1,0,sym_7_mc_4,4350.0,None,False,acs,1
337,N#Cc1cc(N2C=CN(c3cc(C#N)c([Lr])c(C#N)c3C#N)NC2C#N)cc(C#N)c1[Lr],0,sym_7_mc_4,4357.0,None,False,acs,1
338,S=CC1=CC=C(c2cn([Lr])nc2C=S)C(C=S)=C(C=S)C(c2cn([Lr])nc2C=S)=C1,0,sym_7_mc_4,4375.0,None,False,acs,1
339,S=CC1=CC(c2cnn([Lr])c2)=CC(C=S)=C(C=S)C(c2cnn([Lr])c2C=S)=C1C=S,0,sym_7_mc_4,4383.0,None,False,acs,1
340,CC1=C(C#Cc2cc(C)c([Lr])cc2C)C=C1C(C)(C)C#CC(C)c1ccc([Lr])c(C)c1,0,sym_7_mc_4,4388.0,None,False,acs,1
341,[Lr]c1cc(-c2ccncc2)c(-c2ccncc2)c(C(c2ccncc2)C([Lr])c2ccncc2)c1,0,sym_7_mc_4,4404.0,None,False,acs,1
342,Oc1ccc(C2=C(C#CC([Lr])(c3ccc(O)cc3)c3ccc(O)cc3)CC([Lr])=C2)cc1,0,sym_7_mc_4,4425.0,None,False,acs,1
343,O=C(O)c1c([Lr])ccc2c(C(=O)O)c3c(C(=O)O)c([Lr])ccc3c(C(=O)O)c12,0,sym_7_mc_4,4467.0,None,False,acs,1
344,O=S(O)c1cc2c(c(S(=O)O)c1[Lr])CC1=C(C([Lr])=C1)C2(S(=O)O)S(=O)O,0,sym_7_mc_4,4485.0,None,False,acs,1
345,Oc1cc(O)cc(-c2nc([Lr])ncc2-c2ncc([Lr])c(-c3cc(O)cc(O)c3)c2O)c1,0,sym_7_mc_4,4491.0,None,False,acs,1
346,O=C(O)c1cc2c(cc1[Lr])cc(C(=O)O)c1c(C(=O)O)c([Lr])cc(C(=O)O)c12,0,sym_7_mc_4,4521.0,None,False,acs,1
347,O=C(c1cccc(S(=O)O)c1S(=O)O)N(c1cc([Lr])c(S(=O)O)cc1[Lr])S(=O)O,0,sym_7_mc_4,4528.0,None,False,acs,1
348,O=C=NC1=C2C=C([Lr])C(N=C=O)/C2=C/C(N=C=O)=C(N=C=O)\C([Lr])=C/1,0,sym_7_mc_4,4555.0,None,False,acs,1
349,O=S(O)c1cc(C#CC#Cc2cc(S(=O)O)c([Lr])c(S(=O)O)c2S(=O)O)ccc1[Lr],0,sym_7_mc_4,4559.0,None,False,acs,1
350,O=C=Nc1c([Lr])cc2cc(N=C=O)c3c(N=C=O)c([Lr])cc4c(N=C=O)cc1c2c43,0,sym_7_mc_4,4566.0,None,False,acs,1
351,CP(C)c1cc(-c2c(P(C)C)nn([Lr])c2P(C)C)cc(-c2ccn([Lr])c2)c1P(C)C,0,sym_7_mc_4,4586.0,None,False,acs,1
352,CP(C)c1cc(-c2c(P(C)C)nn([Lr])c2P(C)C)cc(P(C)C)c1-c1cnn([Lr])c1,0,sym_7_mc_4,4591.0,None,False,acs,1
353,O=Cc1cc([Lr])ccc1N1C=CN(c2cc(C=O)c([Lr])c(C=O)c2C=O)C1(C=O)C=O,0,sym_7_mc_4,4596.0,None,False,acs,1
354,O=C(O)c1cc(Br)c([Lr])c2c1C(C(=O)O)(C(=O)O)C1=CC([Lr])=CSC1=CS2,0,sym_7_mc_4,4609.0,None,False,acs,1
355,NCC1=CC(=C2C(CN)CN(c3c(CN)cc([Lr])cc3CN)C(CN)C2CN)C(CN)=C1[Lr],0,sym_7_mc_4,4617.0,None,False,acs,0
356,S=CCSC1=C2C(SC(C=S)C=S)=C([Lr])C(SCC=S)=C2C(SC(C=S)C=S)=C1[Lr],0,sym_7_mc_4,4635.0,None,False,acs,1
357,CSOc1c([Lr])c(O)c(O)c(-c2nnc(-c3cc(O)c([Lr])c(SC)c3SC)nn2)c1SC,0,sym_7_mc_4,4666.0,None,False,acs,1
358,O=C=N/C(=C\C(N=C=O)C(N=C=O)SC(N=C=O)C([Lr])N=C=O)C([Lr])N=C=O,0,sym_7_mc_4,4678.0,None,False,acs,1
359,[Lr]c1ccc(C(c2cncnc2)C([Lr])(c2cncnc2)c2cncnc2)c(-c2cncnc2)c1,0,sym_7_mc_4,4685.0,None,False,acs,1
360,[Lr]OC(c1ccccc1)C(c1ccccc1)c1ccc([Lr])c(-c2ccccc2)c1-c1ccccc1,0,sym_7_mc_4,4695.0,None,False,acs,1
361,Oc1ccc(C2=C(C[Lr])C=C2/C(=C(/[Lr])c2ccc(O)cc2)c2ccc(O)cc2)cc1,0,sym_7_mc_4,4721.0,None,False,acs,1
362,O=S(=O)(O)c1cnc([Lr])cc1-c1c(S(=O)(=O)O)cnc([Lr])c1S(=O)(=O)O,0,sym_7_mc_4,4736.0,None,False,acs,0
363,O=P(O)(O)Oc1cc([Lr])c(-c2ccnc(OP(=O)(O)O)c2OP(=O)(O)O)cc1[Lr],0,sym_7_mc_4,4769.0,None,False,acs,1
364,O=P(O)(O)OC1=C([Lr])C=C1Oc1cc([Lr])c(OP(=O)(O)O)cc1OP(=O)(O)O,0,sym_7_mc_4,4780.0,None,False,acs,1
365,Oc1c(-c2c(-c3cncnc3)ncc([Lr])c2-c2cncnc2)ncc([Lr])c1-c1cncnc1,0,sym_7_mc_4,4804.0,None,False,acs,1
366,O=C1C2(C=C2[Lr])c2c(-c3ccncc3)cc([Lr])cc2C1(c1ccncc1)c1ccncc1,0,sym_7_mc_4,4809.0,None,False,acs,1
367,[Lr]c1cc(-n2ccnc2)cc2sc3c([Lr])c(-n4ccnc4)c-3c(-n3ccnc3)c-2c1,0,sym_7_mc_4,4811.0,None,False,acs,1
368,Sc1c(-c2ncc([Lr])cc2Oc2ccccc2)cc(-c2ccccc2)c(-c2ccccc2)c1[Lr],0,sym_7_mc_4,4812.0,None,False,acs,1
369,Oc1cc([Lr])c(-c2ccccc2)nc1-c1cnc([Lr])c(-c2ccccc2)c1Sc1ccccc1,0,sym_7_mc_4,4825.0,None,False,acs,1
370,N#COc1cc(OC#N)c2c(c1[Lr])C(OC#N)C(OC#N)c1cc([Lr])cc(OC#N)c1-2,0,sym_7_mc_4,4843.0,None,False,acs,1
371,O=C=Nc1cnc2c3c(N=C=O)cnc([Lr])cc-3c(N=C=O)c(N=C=O)n-2ccc1[Lr],0,sym_7_mc_4,4858.0,None,False,acs,1
372,CP(C)C1=c2cc([Lr])c(P(C)C)cc2=Cc2cc(P(C)C)c([Lr])c(P(C)C)c2O1,0,sym_7_mc_4,4867.0,None,False,acs,1
373,C#CC1=CC2=C3C(=C2C(C#C)C([Lr])=C1)C(C#C)=CC([Lr])=C(C#C)C3C#C,0,sym_7_mc_4,4870.0,None,False,acs,1
374,[Lr]C1=NC(c2ccc(-c3cnn([Lr])c3-n3ccnc3)cc2-n2ccnc2)=C1n1ccnc1,0,sym_7_mc_4,4886.0,None,False,acs,1
375,NCC1=CN(c2ccc(CN)c([Lr])c2CN)CC(CN)N1c1c(CN)cc([Lr])c(CN)c1CN,0,sym_7_mc_4,4895.0,None,False,acs,1
376,CP(C)C1=C([Lr])C=C(c2cnc(-c3cc(P(C)C)c([Lr])cc3P(C)C)nn2)C1=O,0,sym_7_mc_4,4934.0,None,False,acs,1
377,CP(C)c1cc(-c2nnc(-c3cc(P(C)C)c([Lr])cc3P(C)C)n2P(C)C)ccc1[Lr],0,sym_7_mc_4,4942.0,None,False,acs,1
378,OC(c1cncnc1)(c1cncnc1)C(O[Lr])(C(=CC=C[Lr])c1cncnc1)c1cncnc1,0,sym_7_mc_4,4974.0,None,False,acs,1
379,OC(c1ccncc1)C(O[Lr])C(=C(C=C([Lr])c1ccncc1)c1ccncc1)c1ccncc1,0,sym_7_mc_4,4975.0,None,False,acs,1
380,Oc1ccc(C(C2=CC([Lr])=C2)N(c2ccc(O)cc2)N([Lr])c2ccc(O)cc2)cc1,0,sym_7_mc_4,4981.0,None,False,acs,1
381,O=S(=O)(O)c1cc([Lr])c2c(c1[Lr])C(S(=O)(=O)O)(S(=O)(=O)O)COO2,0,sym_7_mc_4,4991.0,None,False,acs,1
382,CCOC(CC)C(CC)[SH](CC([Lr])CC)C(CC)C(CC)=C(CC)C(CC)C(CC)O[Lr],0,sym_7_mc_4,4999.0,None,False,acs,1
383,O=S(O)C1=C([Lr])C(S(=O)O)C=CC2=C([Lr])C(S(=O)O)C(S(=O)O)=C21,0,sym_7_mc_4,5011.0,None,False,acs,1
384,NC(=O)C1=C([Lr])C2=CC(C(N)=O)OC(C(N)=O)C(C(N)=O)C2=C([Lr])S1,0,sym_7_mc_4,5012.0,None,False,acs,1
385,[Lr]c1cc(-c2c(-c3cncnc3)c([Lr])nc(-c3cncnc3)c2-c2cncnc2)ccn1,0,sym_7_mc_4,5034.0,None,False,acs,1
386,[Lr]c1ccc(-c2cc(-c3cncnc3)c([Lr])c(-c3cncnc3)n2)nc1-c1cncnc1,0,sym_7_mc_4,5046.0,None,False,acs,1
387,[Lr]c1ccc(-c2ccc([Lr])c(-c3ccccc3)c2-c2ccccc2)c(-c2ccccc2)n1,0,sym_7_mc_4,5048.0,None,False,acs,1
388,[Lr]c1cnc(-c2cc(-c3ccncc3)nc([Lr])c2-c2ccncc2)c(-c2ccncc2)c1,0,sym_7_mc_4,5062.0,None,False,acs,1
389,[Lr]c1nc(-c2cncnc2)cc(-c2cc(-c3cncnc3)c([Lr])cc2-c2cncnc2)n1,0,sym_7_mc_4,5069.0,None,False,acs,1
390,[Lr]c1cnc(-c2cnc([Lr])c(-c3cncnc3)c2)c(Oc2cncnc2)c1-c1cncnc1,0,sym_7_mc_4,5096.0,None,False,acs,1
391,[Lr]c1cnc(-c2cc(-c3cncnc3)nc([Lr])c2-c2cncnc2)c(Oc2cncnc2)c1,0,sym_7_mc_4,5104.0,None,False,acs,1
392,O=C(O)c1cc2cc3c(C(=O)O)cc([Lr])cc3c(C(=O)O)c2c(C(=O)O)c1[Lr],0,sym_7_mc_4,5107.0,None,False,acs,1
393,[Lr]c1cc2c(cc1-n1ccnc1)-c1cc([Lr])c(-n3ccnc3)c(-n3ccnc3)c1-2,0,sym_7_mc_4,5138.0,None,False,acs,1
394,O=C(O)C1=C([Lr])C=CS1(Oc1cc(C(=O)O)c([Lr])c(C(=O)O)c1)C(=O)O,0,sym_7_mc_4,5157.0,None,False,acs,1
395,NC(=O)C1=C([Lr])C=NN(O)C(c2nc(C(N)=O)c([Lr])c(C(N)=O)c2O)=C1,0,sym_7_mc_4,5165.0,None,False,acs,1
396,O=C=Nc1cc(C#CC#Cc2cc(N=C=O)c([Lr])c(N=C=O)c2)c(N=C=O)cc1[Lr],0,sym_7_mc_4,5176.0,None,False,acs,1
397,O=CC1CC2=CC([Lr])=CC(C=O)(S3(C=O)SC([Lr])(C=O)C3(C=O)C=O)C21,0,sym_7_mc_4,5180.0,None,False,acs,1
398,O=C=NC1=CC23C(C(N=C=O)=C1[Lr])C21C=CC([Lr])=C(N=C=O)C13N=C=O,0,sym_7_mc_4,5186.0,None,False,acs,1
399,COC1=CC2=CC(c3c(OC)cc([Lr])c(OC)c3OC)C=C2C(OC)(OC)C([Lr])=C1,0,sym_7_mc_4,5214.0,None,False,acs,1
400,CSC1=C([Lr])C(SC)C2=C(SC)C(c3ccc([Lr])c(SC)c3SC)C(SC)=C2C=C1,0,sym_7_mc_4,5215.0,None,False,acs,1
401,N#Cc1cc(-c2c(C#N)cc(C3=CC([Lr])=C3)c(C#N)c2C#N)cc(C#N)c1[Lr],0,sym_7_mc_4,5226.0,None,False,acs,1
402,Pc1cc([Lr])ccc1N1C(P)C(P)N(c2ccc([Lr])c(P)c2P)C(P)C(P)(P)C1P,0,sym_7_mc_4,5238.0,None,False,acs,1
403,Cc1cc(C)c2c(c1)C1c3c([Lr])ccc([Lr])c3C2(C)c2c(C)c(C)cc(C)c21,0,sym_7_mc_4,5253.0,None,False,acs,0
404,Brc1cc(Oc2ccc(Oc3c(Br)cc([Lr])c(Br)c3Br)c(Br)c2)c(Br)cc1[Lr],0,sym_7_mc_4,5257.0,None,False,acs,1
405,FC1=C(C(F)(F)[Lr])C(F)C2=C(c3ccccc31)c1c(cc([Lr])c(F)c1F)C2F,0,sym_7_mc_4,5266.0,None,False,acs,1
406,SC1=C(C(S)(S)[Lr])C(S)C2=C(c3ccc(S)cc31)c1cc(S)c([Lr])cc1C2S,0,sym_7_mc_4,5269.0,None,False,acs,0
407,CCCc1c(CCC)c2c(=O)n([Lr])c(=O)c3ccc4c(=O)n([Lr])c(=O)c1c4c32,0,sym_7_mc_4,5307.0,None,False,acs,1
408,OC(CC(=C(c1cncnc1)C(O[Lr])c1cncnc1)c1cncnc1)(O[Lr])c1cncnc1,0,sym_7_mc_4,5321.0,None,False,acs,0
409,[Lr]c1cn(C(c2cncnc2)N(c2cncnc2)C([Lr])c2cncnc2)cc1-c1cncnc1,0,sym_7_mc_4,5335.0,None,False,acs,1
410,Oc1ccc(/C([Lr])=C(\CNC(O)(O[Lr])c2ccc(O)cc2)c2ccc(O)cc2)cc1,0,sym_7_mc_4,5336.0,None,False,acs,0
411,[Lr]C=C(C1=CC(C(n2ccnc2)C([Lr])(n2ccnc2)n2ccnc2)=C1)n1ccnc1,0,sym_7_mc_4,5372.0,None,False,acs,1
412,CCC/C(=C\C(CCC)C(CCC)(CCC)O[Lr])CC(CCC)(CCC)C(N)(CCC)CO[Lr],0,sym_7_mc_4,5378.0,None,False,acs,1
413,O=S(=O)(O)C1=C([Lr])C(S(=O)(=O)O)Oc2c1cc([Lr])cc2S(=O)(=O)O,0,sym_7_mc_4,5381.0,None,False,acs,1
414,[Lr]C1=C(n2ccnc2)C=C(OC([Lr])n2ccnc2)C2C(n3ccnc3)C12n1ccnc1,0,sym_7_mc_4,5388.0,None,False,acs,1
415,O=P(O)(O)OC1=CC(C=C[Lr])=C(OP(=O)(O)O)N=C(OP(=O)(O)O)N1[Lr],0,sym_7_mc_4,5393.0,None,False,acs,1
416,O=P(O)(O)Oc1cn([Lr])cc1-c1cc(OP(=O)(O)O)n([Lr])c1OP(=O)(O)O,0,sym_7_mc_4,5400.0,None,False,acs,1
417,[Lr]C1=C(c2cc(-c3ccccc3)c(-c3ccccc3)c([Lr])c2-c2ccccc2)C=C1,0,sym_7_mc_4,5416.0,None,False,acs,1
418,Oc1cc(O)cc(C2=C(OOc3ccc([Lr])cc3-c3cc(O)cc(O)c3)N=C2[Lr])c1,0,sym_7_mc_4,5441.0,None,False,acs,1
419,[Lr]c1cc(-c2ccc([Lr])c(-c3cncnc3)c2-c2cncnc2)n(-c2cncnc2)c1,0,sym_7_mc_4,5448.0,None,False,acs,1
420,[Lr]c1cc(-n2ccnc2)c2c3cc(-n4ccnc4)c([Lr])cc3n(-n3ccnc3)c2c1,0,sym_7_mc_4,5493.0,None,False,acs,1
421,N#Cc1cc([Lr])cc(C(N)=O)c1-c1cc(C(N)=O)c([Lr])c(C(N)=O)c1C#N,0,sym_7_mc_4,5504.0,None,False,acs,1
422,[Lr]C1=CC(OC2=C(c3ccccc3)/C=N\C([Lr])=N/C(c3ccccc3)=N\2)=N1,0,sym_7_mc_4,5561.0,None,False,acs,1
423,CP(C)c1nn([Lr])c(P(C)C)c1-c1cc(F)c(-c2cnn([Lr])c2P(C)C)cc1F,0,sym_7_mc_4,5598.0,None,False,acs,1
424,O=C(O)C([Lr])C(C(=O)O)C(C(=O)O)(C(=O)O)C(C(=O)O)C1=CC1[Lr],0,sym_7_mc_4,5607.0,None,False,acs,1
425,O=S(O)SC(O[Lr])(OC=C(C(C(C[Lr])S(=O)O)S(=O)O)S(=O)O)S(=O)O,0,sym_7_mc_4,5622.0,None,False,acs,1
426,O=S(=O)(O)c1c(S(=O)(=O)O)c(S(=O)(=O)O)c2cc([Lr])ccc2c1[Lr],0,sym_7_mc_4,5662.0,None,False,acs,1
427,[Lr]C1=C(c2ccncc2)c2cc(-c3ccncc3)c([Lr])cc2C=C(c2ccncc2)S1,0,sym_7_mc_4,5676.0,None,False,acs,1
428,[Lr]C1=C(c2ccncc2)C=C1OOc1cc(-c2ccncc2)c([Lr])cc1-c1ccncc1,0,sym_7_mc_4,5704.0,None,False,acs,0
429,[Lr]c1cnc(C2=CC([Lr])C(c3ccccc3)=C2c2ccccc2)c(-c2ccccc2)c1,0,sym_7_mc_4,5718.0,None,False,acs,1
430,O=C(O)C1=CCC([Lr])=C(C(=O)O)C2=C1C(C(=O)O)C([Lr])=C2C(=O)O,0,sym_7_mc_4,5721.0,None,False,acs,1
431,O=Cc1nn([Lr])c(C=O)c1CC(C=O)(C=O)CC(C=O)(C=O)c1cnn([Lr])c1,0,sym_7_mc_4,5727.0,None,False,acs,1
432,O=C=Nc1cc([Lr])c(N=C=O)c2c(N=C=O)c3cc([Lr])ccc3c(N=C=O)c12,0,sym_7_mc_4,5739.0,None,False,acs,1
433,Oc1cc(O)cc(-c2nc(-c3ncc([Lr])n3-c3cc(O)cc(O)c3)ccc2[Lr])c1,0,sym_7_mc_4,5752.0,None,False,acs,1
434,NC(=O)c1cc2c(c(C(N)=O)c1[Lr])C(=O)c1cc([Lr])cc(C(N)=O)c1-2,0,sym_7_mc_4,5775.0,None,False,acs,1
435,O=C(O)C1=C([Lr])C=c2c(C(=O)O)c3c(c(C(=O)O)c21)=CC([Lr])=C3,0,sym_7_mc_4,5777.0,None,False,acs,1
436,C#Cc1ccc(C2=CN(c3ccc([Lr])c(C#C)c3C#C)C2(C#C)C#C)c([Lr])c1,0,sym_7_mc_4,5795.0,None,False,acs,1
437,O=C(O)C1=C(C2=C(C(=O)O)N(C(=O)O)N=C([Lr])N=C2)C=CN=NN1[Lr],0,sym_7_mc_4,5807.0,None,False,acs,1
438,O=C=Nc1cc(C2=NC(Oc3ccc([Lr])c(N=C=O)n3)=N2)cc(N=C=O)c1[Lr],0,sym_7_mc_4,5838.0,None,False,acs,1
439,Clc1cc(-c2ccc([Lr])cc2)c(Cl)c(-c2c(Cl)cc([Lr])c(Cl)c2Cl)n1,0,sym_7_mc_4,5841.0,None,False,acs,1
440,S/C([Lr])=C\c1c2ccc(S)c(S)c2c(/C=C/[Lr])c2c(S)c(S)cc(S)c12,0,sym_7_mc_4,5857.0,None,False,acs,1
441,Brc1cc(-c2cnc(-c3cc([Lr])c(Br)c(Br)c3Br)[nH]2)cc(Br)c1[Lr],0,sym_7_mc_4,5874.0,None,False,acs,1
442,CSCc1cc(-c2cn([Lr])nc2SC)c(C(SC)SC)c(SC)c1-c1cnn([Lr])c1SC,0,sym_7_mc_4,5878.0,None,False,acs,1
443,BrCSC1=C([Lr])C(SC(Br)Br)=C2C(SC(Br)Br)=C([Lr])C(SCBr)=C12,0,sym_7_mc_4,5903.0,None,False,acs,1
444,COOc1c([Lr])cc(OC)c(OC2=CC(OOc3ccc([Lr])c(OC)c3)=C2OC)c1OC,0,sym_7_mc_4,5915.0,None,False,acs,1
445,CCCc1cc(-c2nc(-c3[nH]c([Lr])cc3CCC)cc(CCC)c2CCC)[nH]c1[Lr],0,sym_7_mc_4,5921.0,None,False,acs,1
446,NC(=O)C([Lr])C(C(N)=O)C(OC(S)C([Lr])(C(N)=O)C(N)=O)C(N)=O,0,sym_7_mc_4,5951.0,None,False,acs,1
447,Oc1ccc(C2([Lr])NN[SH]2C([Lr])(c2ccc(O)cc2)c2ccc(O)cc2)cc1,0,sym_7_mc_4,5955.0,None,False,acs,1
448,[Lr]C1C=CC([Lr])(c2ccccc2)C(c2ccccc2)(c2ccccc2)C1c1ccccc1,0,sym_7_mc_4,5956.0,None,False,acs,1
449,[Lr]C1C(c2cncnc2)N(c2cncnc2)C([Lr])(c2cncnc2)NNN1c1cncnc1,0,sym_7_mc_4,5968.0,None,False,acs,1
450,CCCNCC(C(CCC)CCC)C(C([Lr])CCC)C(CCC)C(CCC)(CCC)C([Lr])CCC,0,sym_7_mc_4,5981.0,None,False,acs,1
451,O=S(=O)(O)C1(NC([Lr])(S(=O)(=O)O)S(=O)(=O)O)C=C([Lr])C=N1,0,sym_7_mc_4,5993.0,None,False,acs,1
452,O=S(O)SCC(C(S(=O)O)S(=O)O)C([Lr])C(C#C[Lr])(S(=O)O)S(=O)O,0,sym_7_mc_4,5998.0,None,False,acs,1
453,[Lr]c1cc(-c2cncnc2)c([Lr])c2c(-c3cncnc3)ccc(-c3cncnc3)c12,0,sym_7_mc_4,6021.0,None,False,acs,1
454,Oc1cc(O)cc(-c2cc(N3[N]C3[Lr])c(-c3cc(O)cc(O)c3)cc2[Lr])c1,0,sym_7_mc_4,6036.0,None,False,acs,1
455,NC(=O)C1=CN([Lr])C(C(N)=O)N1Nc1ccc([Lr])c(C(N)=O)c1C(N)=O,0,sym_7_mc_4,6076.0,None,False,acs,1
456,[Lr]C1=C(c2ccncc2)C(c2ccncc2)C(c2ccc([Lr])cn2)=C1c1ccncc1,0,sym_7_mc_4,6079.0,None,False,acs,1
457,[Lr]c1cnc(Sc2cc(-n3ccnc3)c([Lr])c(-n3ccnc3)n2)cc1-n1ccnc1,0,sym_7_mc_4,6082.0,None,False,acs,1
458,[Lr]C1=CC(Oc2cc([Lr])c(-c3cncnc3)cc2-c2cncnc2)=C1c1cncnc1,0,sym_7_mc_4,6103.0,None,False,acs,1
459,[Lr]C1=c2cc3cc([Lr])c(-n4ccnc4)c(-n4ccnc4)c3cc2=C1n1ccnc1,0,sym_7_mc_4,6107.0,None,False,acs,1
460,O=S(O)c1cc(-c2c(O)c(S(=O)O)cc([Lr])c2S(=O)O)c(O)c([Lr])n1,0,sym_7_mc_4,6127.0,None,False,acs,1
461,O=Cc1cc([Lr])c(C=O)c(C=O)c1C1(C=O)CS(=O)C(=O)C([Lr])C1C=O,0,sym_7_mc_4,6140.0,None,False,acs,0
462,CP(C)c1cc2c(cc1[Lr])C(=O)c1c(cc(P(C)C)c([Lr])c1P(C)C)C2=O,0,sym_7_mc_4,6186.0,None,False,acs,1
463,Sc1cc(S)cc(N(S)c2c([Lr])cc(Nc3cc(S)c(S)cc3S)c([Lr])c2S)c1,0,sym_7_mc_4,6190.0,None,False,acs,1
464,CP(C)C1=C([Lr])N=C1c1ccc(P(C)C)c(-c2cn([Lr])c(P(C)C)n2)c1,0,sym_7_mc_4,6198.0,None,False,acs,1
465,S=Cc1cc(C=S)c(-c2ncc(-c3cc(C=S)c([Lr])c(C=S)c3)o2)cc1[Lr],0,sym_7_mc_4,6206.0,None,False,acs,1
466,BrC1=C(Oc2c(Br)cc([Lr])c(Br)c2Br)C=C1OOc1ccc(Br)c([Lr])c1,0,sym_7_mc_4,6236.0,None,False,acs,1
467,[Lr]N1CC(c2cncnc2)(c2cncnc2)NC([Lr])(c2cncnc2)C1c1cncnc1,0,sym_7_mc_4,6257.0,None,False,acs,1
468,[Lr]C1SC([Lr])(c2ccncc2)C(c2ccncc2)C(c2ccncc2)C1c1ccncc1,0,sym_7_mc_4,6275.0,None,False,acs,1
469,[Lr]C1C(c2ccncc2)N([Lr])C(c2ccncc2)NC1(c1ccncc1)c1ccncc1,0,sym_7_mc_4,6278.0,None,False,acs,1
470,O=S(O)CC(C(=C[Lr])S(=O)O)(C([Lr])S(=O)O)C(SS(=O)O)S(=O)O,0,sym_7_mc_4,6303.0,None,False,acs,1
471,Oc1cc(O)cc(-c2cc3sc(-c4cc(O)cc(O)c4)c([Lr])cc-3c2[Lr])c1,0,sym_7_mc_4,6339.0,None,False,acs,1
472,O=CC1=CC([Lr])(C=O)C2CC(C=O)C([Lr])(C=O)C(C=O)(C=O)C2=C1,0,sym_7_mc_4,6374.0,None,False,acs,1
473,CP(C)c1cc2c(P(C)C)c3cc([Lr])c(P(C)C)cc3c(P(C)C)c2cc1[Lr],0,sym_7_mc_4,6411.0,None,False,acs,1
474,Oc1ccc(-c2nc([Lr])cnc2-c2ncc([Lr])c(-c3ccc(O)cc3)c2O)cc1,0,sym_7_mc_4,6412.0,None,False,acs,1
475,O=C=NC1=CC([Lr])(N=C=O)C2=C1c1cc(N=C=O)c([Lr])cc1C2N=C=O,0,sym_7_mc_4,6414.0,None,False,acs,1
476,S=Cc1nn([Lr])cc1C(C=S)(C=S)CC(C=S)C(C=S)c1cnn([Lr])c1C=S,0,sym_7_mc_4,6419.0,None,False,acs,1
477,Oc1ccc(Oc2cc([Lr])cnc2-c2c(S)nc([Lr])nc2-c2ccc(O)cc2)cc1,0,sym_7_mc_4,6432.0,None,False,acs,1
478,CP(C)c1cc(P(C)C)c2c(c1[Lr])-c1cc([Lr])ccc1C2(P(C)C)P(C)C,0,sym_7_mc_4,6446.0,None,False,acs,1
479,N#COc1cc([Lr])cc(OC#N)c2c(=O)c3c(c(OC#N)c1-2)=C([Lr])C=3,0,sym_7_mc_4,6474.0,None,False,acs,1
480,C#Cc1cc([Lr])ccc1-c1cc2c(C#C)c(C#C)cc([Lr])c2c(C#C)c1C#C,0,sym_7_mc_4,6490.0,None,False,acs,1
481,COC1=CN(c2c([Lr])cc(OC)cc2OC)CN1c1c(OC)cc([Lr])c(OC)c1OC,0,sym_7_mc_4,6510.0,None,False,acs,0
482,Sc1cc(S)c(C2CCN(S)N(c3c(S)cc([Lr])c(S)c3S)C2S)c(S)c1[Lr],0,sym_7_mc_4,6526.0,None,False,acs,1
483,N#COc1cc(-c2c(OC#N)nn([Lr])c2OC#N)ccc1-c1cnn([Lr])c1OC#N,0,sym_7_mc_4,6535.0,None,False,acs,1
484,ClC1=C(c2cnn([Lr])c2)C(Cl)C(Cl)(Cl)C(c2cnn([Lr])c2)=C1Cl,0,sym_7_mc_4,6561.0,None,False,acs,1
485,OOC1=C(c2cnn([Lr])c2)C(OO)C(OO)(OO)C(c2cnn([Lr])c2OO)=C1,0,sym_7_mc_4,6563.0,None,False,acs,1
486,O=Cc1cc(-c2nnc(-c3ccc([Lr])c(C=O)c3C=O)nn2)cc(C=O)c1[Lr],0,sym_7_mc_4,6596.0,None,False,acs,1
487,C=C1N=NN([Lr])C(C(Cl)Cl)=C1C1=CC(C(Cl)Cl)=NN([Lr])N=C1Cl,0,sym_7_mc_4,6599.0,None,False,acs,1
488,O=C=Nc1c([Lr])cc2c(=O)oc3c(N=C=O)c([Lr])cc4c(=O)oc1c2c34,0,sym_7_mc_4,6604.0,None,False,acs,1
489,O=c1c2cc3c(=O)n([Lr])c(=O)c3c(-c3ccc(O)cc3)c2c(=O)n1[Lr],0,sym_7_mc_4,6613.0,None,False,acs,1
490,Sc1cc(C#Cc2ccc(C#Cc3cc(S)c([Lr])c(S)c3S)c(S)c2S)ccc1[Lr],0,sym_7_mc_4,6631.0,None,False,acs,1
491,Oc1ccc(C(C=C=NC[Lr])C([Lr])(c2ccc(O)cc2)c2ccc(O)cc2)cc1,0,sym_7_mc_4,6644.0,None,False,acs,1
492,Oc1ccc(C2NN([Lr])C(c3ccc(O)cc3)N([Lr])C2c2ccc(O)cc2)cc1,0,sym_7_mc_4,6655.0,None,False,acs,1
493,Oc1ccc(C2C([Lr])=C2CC([Lr])(c2ccc(O)cc2)c2ccc(O)cc2)cc1,0,sym_7_mc_4,6658.0,None,False,acs,1
494,O=C=NC(=CC(CC([Lr])N=C=O)(N=C=O)N=C=O)OC(S)(N=C=O)O[Lr],0,sym_7_mc_4,6680.0,None,False,acs,1
495,NC(C=O)(C(C=O)C=O)C(C(C=O)=CC(C=O)C([Lr])C=O)C([Lr])C=O,0,sym_7_mc_4,6717.0,None,False,acs,1
496,NC(=O)C1=C(/C=C(/[Lr])C(N)=O)C=C1C(C(N)=O)C([Lr])C(N)=O,0,sym_7_mc_4,6742.0,None,False,acs,1
497,NC(=O)C1=C2CC([Lr])C2(C(N)=O)SC(C(N)=O)(C(N)=O)C=C1[Lr],0,sym_7_mc_4,6747.0,None,False,acs,1
498,[Lr]C(=CC1=C(c2cncnc2)N=CN([Lr])C(c2cncnc2)=C1)c1cncnc1,0,sym_7_mc_4,6754.0,None,False,acs,1
499,O=C1C=C(SOc2ncc([Lr])cc2S(=O)(=O)O)C(S(=O)(=O)O)=C1[Lr],0,sym_7_mc_4,6824.0,None,False,acs,1
500,C#CC1=CC([Lr])=C(C#C)/C1=C(\C#C)C1C(C#C)=CN([Lr])CC1C#C,0,sym_7_mc_4,6834.0,None,False,acs,1
501,CCC/C(=C\c1ccc([Lr])c(CCC)c1CCC)Sc1ccc([Lr])c(CCC)c1CCC,0,sym_7_mc_4,6842.0,None,False,acs,1
502,ClC1=CC(Cl)(Cn2c(Cl)cc([Lr])c2Cl)N1c1c(Cl)cc([Lr])cc1Cl,0,sym_7_mc_4,6853.0,None,False,acs,1
503,OOC1=CN(c2cc(OO)c([Lr])c(OO)c2OO)C1C(OO)n1ccc([Lr])c1OO,0,sym_7_mc_4,6855.0,None,False,acs,1
504,O=S(=O)(c1ccc([Lr])cc1)c1c(C=S)c([Lr])c(C=S)c(C=S)c1C=S,0,sym_7_mc_4,6890.0,None,False,acs,1
505,OOC1=C(c2cc([Lr])c(OO)c(OO)c2)C(OO)N1c1ccc([Lr])c(OO)c1,0,sym_7_mc_4,6891.0,None,False,acs,1
506,N#CC1=C([Lr])C(c2cnc(-c3ccc([Lr])c(C#N)c3C#N)cc2C#N)=C1,0,sym_7_mc_4,6898.0,None,False,acs,1
507,CP(C)c1cc(-c2c(P(C)C)nn([Lr])c2P(C)C)ccc1C1=CC([Lr])=N1,0,sym_7_mc_4,6901.0,None,False,acs,0
508,CCC1=C(c2cc(CC)c(-c3c(CC)cc([Lr])cc3CC)c(CC)c2)C=C1[Lr],0,sym_7_mc_4,6917.0,None,False,acs,1
509,S=Cc1cc(C=S)c(-c2nnn(-c3c(C=S)cc([Lr])cc3C=S)n2)cc1[Lr],0,sym_7_mc_4,6926.0,None,False,acs,1
510,N#Cc1cc(-c2nnn(-c3c(C#N)cc([Lr])c(C#N)c3C#N)n2)ccc1[Lr],0,sym_7_mc_4,6933.0,None,False,acs,1
511,C#Cc1cc(-c2nc(C#C)c(-c3ccc([Lr])cc3C#C)o2)c(C#C)cc1[Lr],0,sym_7_mc_4,6935.0,None,False,acs,1
512,NCC1=C(Oc2ccc([Lr])c(CN)c2CN)C=C1OOc1c(CN)ccc([Lr])c1CN,0,sym_7_mc_4,6974.0,None,False,acs,1
513,C#CC1=C(c2nnc(-c3ccc([Lr])c(C#C)c3)nc2C#C)C(=O)C=C1[Lr],0,sym_7_mc_4,6978.0,None,False,acs,1
514,O=C(O)C(CC(C(=O)O)(C(=O)O)C([Lr])(C(=O)O)C(=O)O)SC[Lr],0,sym_7_mc_4,6998.0,None,False,acs,1
515,NC(=O)C([Lr])CC(C(N)=O)(C(N)=O)C(SC([Lr])C(N)=O)C(N)=O,0,sym_7_mc_4,6999.0,None,False,acs,1
516,Oc1ccc(C2N([Lr])C([Lr])CC2(c2ccc(O)cc2)c2ccc(O)cc2)cc1,0,sym_7_mc_4,7010.0,None,False,acs,1
517,Oc1ccc(C2C([Lr])C(c3ccc(O)cc3)N(c3ccc(O)cc3)N2[Lr])cc1,0,sym_7_mc_4,7013.0,None,False,acs,1
518,Oc1ccc(N2C([Lr])CN([Lr])C2(c2ccc(O)cc2)c2ccc(O)cc2)cc1,0,sym_7_mc_4,7018.0,None,False,acs,1
519,O=S(=O)(O)C1([Lr])C=S([Lr])C(S(=O)(=O)O)(S(=O)(=O)O)C1,0,sym_7_mc_4,7021.0,None,False,acs,1
520,N#CONC(O[Lr])(OC#N)OC(CC(OC#N)(OC#N)C(CO[Lr])OC#N)OC#N,0,sym_7_mc_4,7029.0,None,False,acs,1
521,[Lr]C=CC(=C(C(O[Lr])C(On1ccnc1)n1ccnc1)n1ccnc1)n1ccnc1,0,sym_7_mc_4,7040.0,None,False,acs,1
522,COCC(NOC)(OC)C(CC(C[Lr])OC)(OC)C(OC)C(OC)(OC)C([Lr])OC,0,sym_7_mc_4,7068.0,None,False,acs,1
523,CSNC(SC)(C(SC)SC)C(SC)(C(CC([Lr])SC)SC)C(SC)C(C[Lr])SC,0,sym_7_mc_4,7069.0,None,False,acs,1
524,O=C(O)c1cc(C#C[Lr])ccc1OC(C(=O)O)C([Lr])(C(=O)O)C(=O)O,0,sym_7_mc_4,7074.0,None,False,acs,1
525,NC(=O)c1cc([Lr])c2c(c1OC([Lr])C(N)=O)CC2(C(N)=O)C(N)=O,0,sym_7_mc_4,7093.0,None,False,acs,1
526,Oc1cc(O)cc(C2=CC(/S(=N/[Lr])c3cc(O)cc(O)c3)C=C2[Lr])c1,0,sym_7_mc_4,7121.0,None,False,acs,1
527,Oc1ccc(C2=C([Lr])C(c3ccc(O)cc3)=C2OOc2cncc([Lr])c2)cc1,0,sym_7_mc_4,7152.0,None,False,acs,1
528,[Lr]c1cn(-n2ccnc2)c(-c2ccnc([Lr])c2-n2ccnc2)c1-n1ccnc1,0,sym_7_mc_4,7170.0,None,False,acs,1
529,O=S(=O)(O)Oc1c(OSc2cc([Lr])nnc2F)ncc([Lr])c1S(=O)(=O)O,0,sym_7_mc_4,7198.0,None,False,acs,1
530,Clc1c([Lr])cc2c(c1Cl)C(Cl)C1=CC([Lr])C=C1C(Cl)(Cl)C2Cl,0,sym_7_mc_4,7232.0,None,False,acs,1
531,BrC1C2=CC([Lr])=CC(Br)(S3(Br)CC(Br)([Lr])S3)C2C1(Br)Br,0,sym_7_mc_4,7257.0,None,False,acs,1
532,ClC1=CC2=C3C(=C2C(Cl)C([Lr])=C1Cl)C=CC([Lr])=C(Cl)C3Cl,0,sym_7_mc_4,7266.0,None,False,acs,1
533,C#Cc1cc(C#C)c2c(C#C[Lr])c3c(C#C)cccc3c(C#C[Lr])c2c1C#C,0,sym_7_mc_4,7287.0,None,False,acs,1
534,Cc1cc(N2C(C)C(C)(C)C(c3ccc(C)c([Lr])c3)C2(C)C)ccc1[Lr],0,sym_7_mc_4,7292.0,None,False,acs,1
535,Nc1cc(N2C(N)N(c3ccc([Lr])cc3)C(N)(N)C2N)c(N)c(N)c1[Lr],0,sym_7_mc_4,7297.0,None,False,acs,1
536,CCCc1cc(CCC)c(-c2cnn([Lr])c2CCC)c(CCC)c1-c1cnn([Lr])c1,0,sym_7_mc_4,7299.0,None,False,acs,1
537,NCC1=C(c2cc(CN)c([Lr])c(CN)c2CN)C=C1c1ccc([Lr])c(CN)c1,0,sym_7_mc_4,7311.0,None,False,acs,1
538,N#Cc1nn([Lr])c(C#N)c1-c1ccc(-c2c(C#N)nn([Lr])c2C#N)cc1,0,sym_7_mc_4,7313.0,None,False,acs,1
539,CSC1=C(c2c(SC)nn([Lr])c2SC)CC(SC)C(c2cnn([Lr])c2)=C1SC,0,sym_7_mc_4,7335.0,None,False,acs,1
540,C#Cc1cc(-n2nc(-c3c(C#C)cc([Lr])cc3C#C)o2)cc(C#C)c1[Lr],0,sym_7_mc_4,7337.0,None,False,acs,1
541,PC1=CN(c2cc(P)c([Lr])cc2P)C(P)C(P)N1c1ccc([Lr])c(P)c1P,0,sym_7_mc_4,7354.0,None,False,acs,1
542,O=C1OC2(F)CC([Lr])C(F)C23C(F)C3(F)C2=C1OC(F)=C([Lr])O2,0,sym_7_mc_4,7355.0,None,False,acs,1
543,O=C(OOC(=O)c1cc(O)c([Lr])c(F)c1OF)c1cc(OF)c([Lr])cc1OF,0,sym_7_mc_4,7423.0,None,False,acs,1
544,O=P(O)(O)OC1NC(OP(=O)(O)O)(OP(=O)(O)O)C([Lr])C=C1[Lr],0,sym_7_mc_4,7448.0,None,False,acs,1
545,O=S(=O)(O)C1=CC([Lr])C(S(=O)(=O)O)C(S(=O)(=O)O)N1[Lr],0,sym_7_mc_4,7449.0,None,False,acs,1
546,O=S(=O)(O)C1=C(S(=O)(=O)O)C([Lr])C(S(=O)(=O)O)NC1[Lr],0,sym_7_mc_4,7463.0,None,False,acs,1
547,[Lr]C1=C(n2ccnc2)C([Lr])(n2ccnc2)C(n2ccnc2)CC1n1ccnc1,0,sym_7_mc_4,7469.0,None,False,acs,1
548,NC(=O)/C(=C\C(C(N)=O)C(O[Lr])(C(N)=O)C(N)=O)C(O)O[Lr],0,sym_7_mc_4,7488.0,None,False,acs,1
549,O=P(O)(O)OC1CN([Lr])C(OP(=O)(O)O)S(OP(=O)(O)O)=C1[Lr],0,sym_7_mc_4,7493.0,None,False,acs,1
550,CCCC1CCC(C(CCC)(CCC)C2(CCC)C=C2[Lr])C(CCC)(CCC)N1[Lr],0,sym_7_mc_4,7539.0,None,False,acs,1
551,N#CC1CCN([Lr])C(C#N)C1(C#N)C(C#N)(C#N)C1(C#N)C=C1[Lr],0,sym_7_mc_4,7542.0,None,False,acs,1
552,O=C=NC1=C(N=C=O)C([Lr])(N=C=O)C2C1=CC=C2C(N=C=O)O[Lr],0,sym_7_mc_4,7560.0,None,False,acs,1
553,N#COc1nc(SC(OC#N)C2=CCC([Lr])=C2)c(OC#N)c([Lr])c1OC#N,0,sym_7_mc_4,7599.0,None,False,acs,1
554,O=S(O)Oc1c(-c2c(S(=O)O)cc([Lr])nc2O)ncc([Lr])c1S(=O)O,0,sym_7_mc_4,7611.0,None,False,acs,1
555,CP(C)C12C3C4C5C3(C#C[Lr])C1(P(C)C)C5(P(C)C)C42C#C[Lr],0,sym_7_mc_4,7632.0,None,False,acs,1
556,CCCC1=CN([Lr])C(CCC)=CC1C1(CCC)C=CN([Lr])C(CCC)=C1CCC,0,sym_7_mc_4,7636.0,None,False,acs,1
557,OOC1=C([Lr])C=C2C(=C(OO)C1OO)C(OO)(OO)c1cc([Lr])ccc12,0,sym_7_mc_4,7641.0,None,False,acs,1
558,CSc1cc(-c2cc(C)c([Lr])c(SC)c2SC)c(SC)c(C(SC)SC)c1[Lr],0,sym_7_mc_4,7646.0,None,False,acs,1
559,NC(=O)C1=CC2(C#C[Lr])C=CC1(C#C[Lr])C(C(N)=O)=C2C(N)=O,0,sym_7_mc_4,7649.0,None,False,acs,1
560,COC1=CN([Lr])CC1(OC)C1C=C(/C(OC)=C(\[Lr])OC)C(OC)C1OC,0,sym_7_mc_4,7662.0,None,False,acs,1
561,[Lr]C1=C(c2cncnc2)C(OC2=NC=NC([Lr])=C(c3cncnc3)O2)=C1,0,sym_7_mc_4,7666.0,None,False,acs,1
562,N#CC1=C(C#N)C([Lr])c2c(C#N)cc(-c3ccc([Lr])cc3C#N)nc21,0,sym_7_mc_4,7682.0,None,False,acs,1
563,Cl/C(CCc1cc([Lr])nnc1Cl)=C(/Cl)C(Cl)(Cl)c1cn([Lr])nn1,0,sym_7_mc_4,7683.0,None,False,acs,1
564,NCc1cc(-c2cc(CN)c3c([Lr])c(CN)c(CN)cc3c2)c(CN)cc1[Lr],0,sym_7_mc_4,7686.0,None,False,acs,1
565,O=Cc1cn2cc(C=O)c3cc([Lr])nc(C=O)c(C=O)c-3c-2nccc1[Lr],0,sym_7_mc_4,7691.0,None,False,acs,1
566,CSc1c(C2(SC)CC(SC)C(SC)(c3cnn([Lr])c3SC)C2SC)cnn1[Lr],0,sym_7_mc_4,7706.0,None,False,acs,1
567,N#CC1=C([Lr])C2=C1/C(C#N)=C(/C#N)c1cc([Lr])ncc1CN2C#N,0,sym_7_mc_4,7711.0,None,False,acs,1
568,O=Cc1cc(-n2nnc(-c3ccc([Lr])cc3C=O)c2C=O)c(C=O)cc1[Lr],0,sym_7_mc_4,7752.0,None,False,acs,1
569,CCC1=C([Lr])C(CC)C(CC)=C1C1=NC(c2ccc([Lr])c(CC)c2)=N1,0,sym_7_mc_4,7758.0,None,False,acs,1
570,Cc1c([Lr])cc2c3c1C(C)C(C)C(C)c1c([Lr])ccc(c1-3)C2(C)C,0,sym_7_mc_4,7792.0,None,False,acs,1
571,CC1=CC=C(c2cnn([Lr])c2)C(C)=C(C)C(c2cn([Lr])nc2C)=C1C,0,sym_7_mc_4,7832.0,None,False,acs,1
572,O=P(O)(O)O/C(CC([Lr])OP(=O)(O)O)=C(\N[Lr])OP(=O)(O)O,0,sym_7_mc_4,7861.0,None,False,acs,1
573,O=S(=O)(O)C1N(S(=O)(=O)O)N([Lr])CN([Lr])N1S(=O)(=O)O,0,sym_7_mc_4,7888.0,None,False,acs,1
574,O=S(=O)(O)C1SC([Lr])(S(=O)(=O)O)NNC1([Lr])S(=O)(=O)O,0,sym_7_mc_4,7911.0,None,False,acs,1
575,Oc1cc(O)cc(C2(c3cc(O)cc(O)c3)C(=S)C([Lr])C=S2[Lr])c1,0,sym_7_mc_4,7922.0,None,False,acs,1
576,C#CC(=CCC([Lr])(C#C)C#C)CC(C#C)(C#C)C(SS)=C([Lr])C#C,0,sym_7_mc_4,7940.0,None,False,acs,1
577,CP(C)C([Lr])(CC(C1=CC(C#C[Lr])=C1)(P(C)C)P(C)C)P(C)C,0,sym_7_mc_4,7951.0,None,False,acs,1
578,[Lr]c1ccc2c([Lr])c(-n3ccnc3)cc(-n3ccnc3)c2c1-n1ccnc1,0,sym_7_mc_4,7960.0,None,False,acs,1
579,CP(C)C([Lr])=Cc1cc(P(C)C)c(C=C([Lr])P(C)C)c(P(C)C)c1,0,sym_7_mc_4,7964.0,None,False,acs,1
580,O=P(O)(O)Oc1c([Lr])cc2c1sc1c(OP(=O)(O)O)cc([Lr])sc12,0,sym_7_mc_4,7981.0,None,False,acs,1
581,[Lr]c1sc2sc([Lr])c(C(c3cncnc3)c3cncnc3)c2c1Cc1cncnc1,0,sym_7_mc_4,7995.0,None,False,acs,1
582,O=c1sc([Lr])c(OP(=O)(O)O)cc1-c1csc([Lr])c1OP(=O)(O)O,0,sym_7_mc_4,8012.0,None,False,acs,1
583,N#COC([Lr])=C=CC1=C(OC#N)C(=CO[Lr])C(OC#N)=CC=C1OC#N,0,sym_7_mc_4,8041.0,None,False,acs,1
584,N#CC1=C([Lr])C(S(C#N)(COP(=O)(O)O)OP(=O)(O)O)=C1[Lr],0,sym_7_mc_4,8109.0,None,False,acs,1
585,C#Cc1cc2c(cc1[Lr])Cc1c(C#C)c([Lr])c(C#C)c(C#C)c1C2=O,0,sym_7_mc_4,8125.0,None,False,acs,1
586,NC(=O)C1=NN([Lr])N=C(C(N)=O)C(C2=CN([Lr])N=NN=C2)=C1,0,sym_7_mc_4,8146.0,None,False,acs,1
587,COc1cc([Lr])ccc1-n1c(OC)cn1-c1c(OC)cc([Lr])c(OC)c1OC,0,sym_7_mc_4,8160.0,None,False,acs,1
588,Clc1ccc2c(C#C[Lr])c3cc(Cl)c(Cl)c(Cl)c3c(C#C[Lr])c2c1,0,sym_7_mc_4,8162.0,None,False,acs,1
589,OOc1ccc2c(C#C[Lr])c3c(OO)c(OO)c(OO)cc3c(C#C[Lr])c2c1,0,sym_7_mc_4,8163.0,None,False,acs,1
590,COc1cc(OC)c2c(C#C[Lr])c3cc(OC)cc(OC)c3c(C#C[Lr])c2c1,0,sym_7_mc_4,8164.0,None,False,acs,1
591,Pc1cc([Lr])ccc1N1C(P)C(P)(c2cc([Lr])ccc2P)C(P)C1(P)P,0,sym_7_mc_4,8170.0,None,False,acs,1
592,Cc1cc(N2C(C)C(C)N(c3ccc([Lr])c(C)c3C)C2(C)C)ccc1[Lr],0,sym_7_mc_4,8172.0,None,False,acs,1
593,Oc1ccc([Lr])cc1N1CC(O)N(c2c(O)cc([Lr])c(O)c2O)C1(O)O,0,sym_7_mc_4,8177.0,None,False,acs,1
594,CC1=C(C)N(c2ccc([Lr])c(C)c2C)C(C)N1c1ccc([Lr])c(C)c1,0,sym_7_mc_4,8200.0,None,False,acs,1
595,CSC=C1c2cc([Lr])cc(SC)c2C(=O)c2c(SC)cc([Lr])c(SC)c21,0,sym_7_mc_4,8211.0,None,False,acs,1
596,CC1=C2C(=CC1(C)c1cc(C)c([Lr])c(C)c1C)C=CC=C([Lr])C2C,0,sym_7_mc_4,8213.0,None,False,acs,1
597,PC1=CC2=C(P)C(c3cc(P)c([Lr])cc3P)C(P)=C2CC([Lr])=C1P,0,sym_7_mc_4,8214.0,None,False,acs,1
598,CCc1cc(-c2nnc(-c3cc(CC)c([Lr])c(CC)c3CC)nn2)ccc1[Lr],0,sym_7_mc_4,8237.0,None,False,acs,1
599,Fc1c(F)c(C2=NN=NC(c3ccc([Lr])cc3)N=N2)c(F)c(F)c1[Lr],0,sym_7_mc_4,8263.0,None,False,acs,1
600,Oc1c(OF)c([Lr])c(F)c(F)c1-c1nnc(-c2ccc([Lr])cc2F)nn1,0,sym_7_mc_4,8277.0,None,False,acs,1
601,O=P(O)(O)OC1NC([Lr])C(OP(=O)(O)O)C1([Lr])OP(=O)(O)O,0,sym_7_mc_4,8289.0,None,False,acs,1
602,CCSC(CC)C(C)(CC)C(C([Lr])(CC)CC)C(CC)(CC)CC([Lr])CC,0,sym_7_mc_4,8314.0,None,False,acs,1
603,[Lr]C1=C(c2ccccc2)C(NC([Lr])c2ccccc2)(c2ccccc2)N=C1,0,sym_7_mc_4,8321.0,None,False,acs,1
604,O=C(O)C1=CC(C(C(=O)O)C([Lr])C(=O)O)=CC1([Lr])C(=O)O,0,sym_7_mc_4,8328.0,None,False,acs,1
605,[Lr]C(=Cc1ccc([Lr])c(-c2cncnc2)c1-c1cncnc1)c1cncnc1,0,sym_7_mc_4,8336.0,None,False,acs,1
606,O=C1SC([Lr])(c2cncnc2)C(c2cncnc2)NC1(C[Lr])c1cncnc1,0,sym_7_mc_4,8352.0,None,False,acs,1
607,O=C1SC([Lr])C(c2ccncc2)NC1(c1ccncc1)C([Lr])c1ccncc1,0,sym_7_mc_4,8353.0,None,False,acs,1
608,[Lr]C#CC1=C(c2cncnc2)C(C(C[Lr])c2cncnc2)=C1c1cncnc1,0,sym_7_mc_4,8379.0,None,False,acs,1
609,[Lr]C#CC1=C2C(n3ccnc3)CC2(n2ccnc2)C([Lr])=C1n1ccnc1,0,sym_7_mc_4,8395.0,None,False,acs,1
610,O=C(O)c1cc([Lr])c(Oc2ccc([Lr])c(C(=O)O)c2C(=O)O)cn1,0,sym_7_mc_4,8417.0,None,False,acs,1
611,NC(=O)C=C1C=c2c([Lr])c(C(N)=O)c(C(N)=O)c([Lr])c2=C1,0,sym_7_mc_4,8440.0,None,False,acs,1
612,O=C(O)c1cc([Lr])c(C(=O)O)c(C(=O)O)c1-c1ccc([Lr])nc1,0,sym_7_mc_4,8450.0,None,False,acs,0
613,[Lr]c1cc(-c2ccccc2)c(-c2ncnc([Lr])n2)c(-c2ccccc2)n1,0,sym_7_mc_4,8454.0,None,False,acs,1
614,O=S(=O)(O)c1cc2sc3c(S(=O)(=O)O)c([Lr])sc3cc-2c1[Lr],0,sym_7_mc_4,8460.0,None,False,acs,1
615,CSC1CC([Lr])C(SC)(SC)C(SC)C(SC)(C2=C([Lr])C=N2)C1SC,0,sym_7_mc_4,8473.0,None,False,acs,0
616,O=S(O)c1cc(OC2=CC([Lr])=C2)c(S(=O)O)c(S(=O)O)c1[Lr],0,sym_7_mc_4,8488.0,None,False,acs,1
617,O=S(=O)(O)c1c([Lr])ccc(-c2cnc([Lr])nn2)c1S(=O)(=O)O,0,sym_7_mc_4,8490.0,None,False,acs,1
618,[Lr]c1cnc(-c2nc(-n3ccnc3)c([Lr])c(-n3ccnc3)n2)[nH]1,0,sym_7_mc_4,8536.0,None,False,acs,1
619,O=Cc1cc2c(cc1[Lr])C(C=O)(C=O)SC1=C([Lr])C(C=O)C=C12,0,sym_7_mc_4,8552.0,None,False,acs,1
620,[Lr]C1=c2c(-c3cncnc3)c3cc([Lr])[nH]c3cc2=C1c1cncnc1,0,sym_7_mc_4,8563.0,None,False,acs,1
621,N#CC1=NC(C2(C#N)NC(=O)C(C#N)C([Lr])C(C#N)N2)=C1[Lr],0,sym_7_mc_4,8587.0,None,False,acs,1
622,N#CC1=CC2=C(C=C3C(C#N)=C([Lr])C(C#N)=C3C2C#N)C1[Lr],0,sym_7_mc_4,8590.0,None,False,acs,1
623,CSc1cc2c(c(SC)c1[Lr])CCc1c(SC)c(SC)c([Lr])c(SC)c1-2,0,sym_7_mc_4,8605.0,None,False,acs,1
624,[Lr]c1nc2c(-n3ccnc3)c3nc([Lr])n(-n4ccnc4)c3cc2[nH]1,0,sym_7_mc_4,8610.0,None,False,acs,1
625,S=Cc1cc(-c2ccc(C#C[Lr])c(C=S)c2C=S)c(C=S)cc1C#C[Lr],0,sym_7_mc_4,8635.0,None,False,acs,1
626,O=c1c2cc(Cl)c([Lr])cc2c(Cl)c(Cl)c2c(Cl)c([Lr])ccc12,0,sym_7_mc_4,8643.0,None,False,acs,1
627,C#Cc1cc([Lr])cc(C#C)c1-c1ccc2cc([Lr])c(C#C)nc2c1C#C,0,sym_7_mc_4,8651.0,None,False,acs,1
628,CSC1=CC([Lr])=C1c1cc(SC)c(SC)c(SC)c1CC1=C([Lr])N=N1,0,sym_7_mc_4,8670.0,None,False,acs,1
629,CSC1=C([Lr])C(c2c(SC)cc(-c3ccc([Lr])cc3SC)nc2SC)=C1,0,sym_7_mc_4,8685.0,None,False,acs,1
630,OC1=C(c2cn([Lr])nc2O)C(O)C(O)(O)C(c2cnn([Lr])c2)=C1,0,sym_7_mc_4,8701.0,None,False,acs,1
631,Clc1cc([Lr])ccc1-n1nnc(-c2cc(Cl)c([Lr])c(Cl)c2)c1Cl,0,sym_7_mc_4,8711.0,None,False,acs,1
632,PC1c2cc([Lr])cc3c2-c2c(cc([Lr])cc2C1(P)P)C(P)C3(P)P,0,sym_7_mc_4,8734.0,None,False,acs,1
633,CSc1cc(-n2nnc(-c3ccc(SC)c([Lr])c3SC)n2)cc(SC)c1[Lr],0,sym_7_mc_4,8739.0,None,False,acs,1
634,COc1ccc(-c2ncc(-c3ccc([Lr])c(OC)c3OC)o2)c(OC)c1[Lr],0,sym_7_mc_4,8742.0,None,False,acs,1
635,COc1cc(-c2cnc(-c3ccc([Lr])c(OC)c3OC)o2)c(OC)cc1[Lr],0,sym_7_mc_4,8761.0,None,False,acs,1
636,CCc1cc(-c2nnc(C3=C([Lr])C=C3)[nH]2)c(CC)c(CC)c1[Lr],0,sym_7_mc_4,8809.0,None,False,acs,1
637,Pc1cc([Lr])ccc1-c1[nH]c(-c2c(P)cc(P)c([Lr])c2P)nc1P,0,sym_7_mc_4,8818.0,None,False,acs,1
638,O=S(O)SC(OC=C(C=C[Lr])S(=O)O)(C([Lr])S(=O)O)S(=O)O,0,sym_7_mc_4,8846.0,None,False,acs,1
639,N#CSSC(=C[Lr])C(C#N)C(C#N)(C#N)C=CCC([Lr])(C#N)C#N,0,sym_7_mc_4,8889.0,None,False,acs,1
640,CSC(=CC(C(C)S)C(SC)(SC)C([Lr])(SC)SC)C([Lr])(SC)SC,0,sym_7_mc_4,8894.0,None,False,acs,1
641,[Lr]C#CC1=C(n2ccnc2)C(C(C([Lr])n2ccnc2)n2ccnc2)=C1,0,sym_7_mc_4,8901.0,None,False,acs,1
642,NCC(C/C=C/C(CN)(CN)C(CN)C(C(CN)O[Lr])N(CN)CN)O[Lr],0,sym_7_mc_4,8920.0,None,False,acs,0
643,[Lr]c1cc2c(sc3cc(-c4ccccc4)c([Lr])sc32)c1-c1ccccc1,0,sym_7_mc_4,8959.0,None,False,acs,1
644,O=S(=O)(O)c1cc(-c2cn([Lr])nn2)cc(S(=O)(=O)O)c1[Lr],0,sym_7_mc_4,8967.0,None,False,acs,1
645,O=S(O)C1=C(/C(=C(/[Lr])S(=O)O)S(=O)O)C=C1/C=C/[Lr],0,sym_7_mc_4,8988.0,None,False,acs,1
646,O=C(O)c1cc(-c2cc([Lr])c(C(=O)O)s2)cc([Lr])c1C(=O)O,0,sym_7_mc_4,8989.0,None,False,acs,1
647,[Lr]C1=C(c2cc(-c3ccccc3)c([Lr])c(-c3ccccc3)c2)N=C1,0,sym_7_mc_4,8999.0,None,False,acs,1
648,NC(=O)Oc1cc([Lr])cnc1-c1nc(C(N)=O)c([Lr])cc1C(N)=O,0,sym_7_mc_4,9023.0,None,False,acs,1
649,NCc1nn([Lr])cc1CC(CN)(CN)C(CN)(CN)Cc1cnn([Lr])c1CN,0,sym_7_mc_4,9030.0,None,False,acs,1
650,O=S(=O)(O)C1=C(OOc2ccnc([Lr])c2S(=O)(=O)O)C=C1[Lr],0,sym_7_mc_4,9032.0,None,False,acs,1
651,S=C1C([Lr])=CC(c2cnc([Lr])cc2-c2ccncc2)=C1c1ccncc1,0,sym_7_mc_4,9069.0,None,False,acs,1
652,O=C=Nc1cc2sc3c([Lr])c(N=C=O)c-3cc-2cc([Lr])c1N=C=O,0,sym_7_mc_4,9072.0,None,False,acs,1
653,CP(C)c1c([Lr])ccc2c1oc1c(P(C)C)c([Lr])cc(P(C)C)c12,0,sym_7_mc_4,9094.0,None,False,acs,1
654,O=S(O)c1c([Lr])[nH]c2c(S(=O)O)c3c(cc12)=C([Lr])C=3,0,sym_7_mc_4,9107.0,None,False,acs,1
655,OOc1c([Lr])cc2ccc3c(OO)c([Lr])c(OO)c4c(OO)cc1c2c34,0,sym_7_mc_4,9200.0,None,False,acs,1
656,CC1=C(C)N(c2c(C)c(C)c([Lr])c(C)c2C)CN1c1ccccc1[Lr],0,sym_7_mc_4,9208.0,None,False,acs,1
657,O=CC1=C([Lr])C=C2C1=C1C(=CC(=O)C2C=O)C(C=O)=C1[Lr],0,sym_7_mc_4,9233.0,None,False,acs,1
658,COc1cc(OC)c(-c2c(OC)nn([Lr])c2OC)cc1-c1cnn([Lr])c1,0,sym_7_mc_4,9239.0,None,False,acs,1
659,Clc1cc(-c2cnn([Lr])c2Cl)c(Cl)cc1-c1cn([Lr])c(Cl)n1,0,sym_7_mc_4,9242.0,None,False,acs,1
660,CSc1cc(-c2ncn([Lr])c2SC)c(SC)c(SC)c1-c1cnn([Lr])c1,0,sym_7_mc_4,9244.0,None,False,acs,1
661,O=C1c2cc([Lr])c(Br)c(Br)c2C(=O)c2cc([Lr])cc(Br)c21,0,sym_7_mc_4,9246.0,None,False,acs,1
662,NCc1cc(C2=NC(c3cc(CN)c([Lr])cc3CN)=N2)c(CN)cc1[Lr],0,sym_7_mc_4,9255.0,None,False,acs,0
663,CCc1cc(-c2cc(CC)n([Lr])c2CC)c(CC)cc1-c1cn([Lr])nn1,0,sym_7_mc_4,9257.0,None,False,acs,1
664,COc1cc(-c2nnn([Lr])c2OC)c(OC)c(OC)c1-c1ccn([Lr])c1,0,sym_7_mc_4,9259.0,None,False,acs,1
665,O=C1c2cc(Br)c([Lr])cc2C(=O)c2c(Br)c([Lr])cc(Br)c21,0,sym_7_mc_4,9267.0,None,False,acs,1
666,CCc1cc(-c2c(CC)nn([Lr])c2CC)c(CC)cc1-c1ccn([Lr])c1,0,sym_7_mc_4,9269.0,None,False,acs,1
667,C=C1c2cc([Lr])c(C)c(C)c2C(=O)c2cc(C)c([Lr])c(C)c21,0,sym_7_mc_4,9285.0,None,False,acs,1
668,COc1cc([Lr])c2c(c1)-c1c(cc([Lr])c(OC)c1OC)S2(=O)=O,0,sym_7_mc_4,9289.0,None,False,acs,1
669,O=S1(=O)c2cc([Lr])cc(OO)c2-c2cc(OO)c([Lr])c(OO)c21,0,sym_7_mc_4,9293.0,None,False,acs,1
670,BrC1=C2SC=C([Lr])C=C2C(Br)c2c(Br)cc(Br)c([Lr])c2S1,0,sym_7_mc_4,9294.0,None,False,acs,1
671,CSC1=C2SC=C([Lr])C=C2Cc2c(c([Lr])c(Br)c(SC)c2SC)S1,0,sym_7_mc_4,9298.0,None,False,acs,1
672,CSC1=C([Lr])C(SC)=C1C(=O)OOC(=O)c1ccc([Lr])c(SC)c1,0,sym_7_mc_4,9318.0,None,False,acs,1
673,Sc1cc(-c2n[nH]c(-c3ccc(S)c([Lr])c3S)n2)c(S)cc1[Lr],0,sym_7_mc_4,9334.0,None,False,acs,1
674,CCC1=C(c2nnc(-c3ccc([Lr])cc3CC)nc2CC)C(=O)C=C1[Lr],0,sym_7_mc_4,9336.0,None,False,acs,0
675,Oc1cc([Lr])cc(O)c1-c1nnc(-c2ccc([Lr])c(O)c2O)[nH]1,0,sym_7_mc_4,9351.0,None,False,acs,1
676,Oc1cc(O)cc(C2=C([Lr])C(c3cc(O)cc(O)c3)NNN2[Lr])c1,0,sym_7_mc_4,9421.0,None,False,acs,1
677,Oc1cc(O)cc(C2=NN([Lr])C(c3cc(O)cc(O)c3)NN2[Lr])c1,0,sym_7_mc_4,9425.0,None,False,acs,1
678,O=C(O)C1NC([Lr])NC(C(=O)O)(C(=O)O)N([Lr])C1C(=O)O,0,sym_7_mc_4,9428.0,None,False,acs,1
679,O=S(O)C1NC([Lr])NC(S(=O)O)C(S(=O)O)(S(=O)O)N1[Lr],0,sym_7_mc_4,9430.0,None,False,acs,0
680,OOCC(CNOO)(OO)C(CC(OO)C([Lr])OO)(OO)C([Lr])(OO)OO,0,sym_7_mc_4,9439.0,None,False,acs,1
681,Oc1ccc(C(O[Lr])(C2=CC(C#C[Lr])=C2)c2ccc(O)cc2)cc1,0,sym_7_mc_4,9493.0,None,False,acs,1
682,O=C(O)c1cc([Lr])c(C(=O)O)c2cc(C(=O)O)c([Lr])c-2c1,0,sym_7_mc_4,9510.0,None,False,acs,1
683,NC(=O)c1ccc([Lr])cc2c(C(N)=O)c(C(N)=O)c([Lr])c1-2,0,sym_7_mc_4,9511.0,None,False,acs,1
684,O=S(O)c1cc([Lr])c(S(=O)O)c(S(=O)O)c1Oc1cnccc1[Lr],0,sym_7_mc_4,9539.0,None,False,acs,1
685,[Lr]c1cnc(-c2nc(-n3ccnc3)c([Lr])c(-n3ccnc3)n2)nc1,0,sym_7_mc_4,9550.0,None,False,acs,1
686,O=S(=O)(O)c1cnc([Lr])cc1-c1cnc([Lr])nc1S(=O)(=O)O,0,sym_7_mc_4,9570.0,None,False,acs,1
687,[Lr]c1cc(-c2cnc([Lr])nc2-c2cncnc2)cc(-c2cncnc2)n1,0,sym_7_mc_4,9571.0,None,False,acs,1
688,O=S(O)c1cc(-c2nc([Lr])cc(S(=O)O)c2S(=O)O)ncc1[Lr],0,sym_7_mc_4,9573.0,None,False,acs,1
689,O=S(O)c1cc([Lr])ccc1-c1nnc([Lr])c(S(=O)O)c1S(=O)O,0,sym_7_mc_4,9576.0,None,False,acs,1
690,NC(=O)c1cc([Lr])cnc1Sc1ncc([Lr])c(C(N)=O)c1C(N)=O,0,sym_7_mc_4,9579.0,None,False,acs,1
691,O=C(O)c1cc(-c2cc(C(=O)O)c([Lr])cc2C(=O)O)ncc1[Lr],0,sym_7_mc_4,9581.0,None,False,acs,1
692,[Lr]c1cnc(-c2ccc([Lr])c(-c3ccccc3)c2-c2ccccc2)nn1,0,sym_7_mc_4,9585.0,None,False,acs,1
693,[Lr]c1ccc(-c2ncc([Lr])c(-c3cncnc3)n2)nc1-c1cncnc1,0,sym_7_mc_4,9590.0,None,False,acs,1
694,NC(=O)c1nc([Lr])cnc1-c1ccc([Lr])c(C(N)=O)c1C(N)=O,0,sym_7_mc_4,9595.0,None,False,acs,1
695,ClC1=NC(C2CC(Cl)C([Lr])C(Cl)(Cl)C(Cl)C2Cl)=C1[Lr],0,sym_7_mc_4,9597.0,None,False,acs,1
696,[Lr]C1=CC(Oc2c(-c3cncnc3)cc([Lr])nc2-c2cncnc2)=C1,0,sym_7_mc_4,9601.0,None,False,acs,1
697,NC(=O)c1cc(SSc2c(C(N)=O)cn([Lr])c2C(N)=O)ccc1[Lr],0,sym_7_mc_4,9602.0,None,False,acs,1
698,O=P(O)(O)OC1=NC([Lr])=NC1c1ncc([Lr])cc1OP(=O)(O)O,0,sym_7_mc_4,9616.0,None,False,acs,1
699,CP(C)c1nc(-c2nc(P(C)C)c([Lr])c(P(C)C)c2O)ccc1[Lr],0,sym_7_mc_4,9646.0,None,False,acs,1
700,O=C=Nc1c([Lr])cc2cc3c(c(N=C=O)c2c1N=C=O)=CC=3[Lr],0,sym_7_mc_4,9652.0,None,False,acs,1
701,[Lr]c1ncc(-c2ncc([Lr])c(-c3ccncc3)c2Oc2ccncc2)cn1,0,sym_7_mc_4,9671.0,None,False,acs,1
702,CP(C)c1cc([Lr])cc2c1-c1c-2cc([Lr])c(P(C)C)c1P(C)C,0,sym_7_mc_4,9691.0,None,False,acs,1
703,NC(=O)c1c([Lr])cnc(OSC2=CC(=O)C([Lr])=C2)c1C(N)=O,0,sym_7_mc_4,9718.0,None,False,acs,1
704,NCc1cc(-c2cnn([Lr])c2CN)ccc1C1C([Lr])(CN)C1(CN)CN,0,sym_7_mc_4,9729.0,None,False,acs,1
705,O=C1S(=O)C(P)(P)C(c2ccc([Lr])cc2)C(P)(P)C1(P)[Lr],0,sym_7_mc_4,9751.0,None,False,acs,1
706,N#Cc1cc2c(c(C#N)c1[Lr])C(=O)c1ccc(C#N)c([Lr])c1-2,0,sym_7_mc_4,9760.0,None,False,acs,1
707,COc1cc(-c2cc(OC)c3c(n2)C=CC3([Lr])OC)cc(OC)c1[Lr],0,sym_7_mc_4,9765.0,None,False,acs,1
708,Sc1nn([Lr])c(S)c1C1C(S)C(S)C(S)(c2cnn([Lr])c2)C1S,0,sym_7_mc_4,9784.0,None,False,acs,1
709,CCc1c([Lr])cc2c(CC)c(CC)c3cc([Lr])ccc3c(=O)c2c1CC,0,sym_7_mc_4,9785.0,None,False,acs,1
710,OC1=CC2=C3C(=C2C(O)C=C1[Lr])C(O)=C(O)C=C([Lr])C3O,0,sym_7_mc_4,9806.0,None,False,acs,1
711,Pc1cc(C2=CC(c3ccc([Lr])c(P)c3P)=C2)c(P)c(P)c1[Lr],0,sym_7_mc_4,9848.0,None,False,acs,1
712,Oc1c([Lr])cc2c(O)cc3c4c(O)cc([Lr])cc4cc(O)c3c2c1O,0,sym_7_mc_4,9849.0,None,False,acs,1
713,O=Cc1cc(-c2cn([Lr])nn2)ccc1-c1c(C=O)nn([Lr])c1C=O,0,sym_7_mc_4,9853.0,None,False,acs,1
714,PC1=C(c2cn([Lr])nc2P)CC(P)(P)C(c2cnn([Lr])c2)=C1P,0,sym_7_mc_4,9859.0,None,False,acs,1
715,N#CC1=C(OC2=NC([Lr])=C2)/N=C(C#N)\N=C([Lr])/N=C\1,0,sym_7_mc_4,9883.0,None,False,acs,1
716,CSc1cc(-c2oc(-c3c(SC)cc([Lr])cc3SC)nc2SC)ccc1[Lr],0,sym_7_mc_4,9885.0,None,False,acs,1
717,Clc1cc([Lr])ccc1-c1nc(-c2c(Cl)cc([Lr])nc2Cl)oc1Cl,0,sym_7_mc_4,9887.0,None,False,acs,1
718,OOc1cc(-c2cnn([Lr])c2OO)ccc1-c1c(OO)nnc([Lr])c1OO,0,sym_7_mc_4,9899.0,None,False,acs,1
719,NC(=O)C([Lr])C(SC1([Lr])C(C(N)=O)C1C(N)=O)C(N)=O,0,sym_7_mc_4,9956.0,None,False,acs,1
720,[Lr]N1CN(c2ccncc2)C([Lr])(c2ccncc2)C(c2ccncc2)N1,0,sym_7_mc_4,9982.0,None,False,acs,1
721,NC(=O)C1C(C(N)=O)N([Lr])C(C(N)=O)C(C(N)=O)N1[Lr],0,sym_7_mc_4,9984.0,None,False,acs,1
722,O=C(O)C1(C(=O)O)CC([Lr])SC([Lr])C1(C(=O)O)C(=O)O,0,sym_7_mc_4,9992.0,None,False,acs,1
723,NC(=O)C1C(C(N)=O)N([Lr])NC([Lr])(C(N)=O)C1C(N)=O,0,sym_7_mc_4,10001.0,None,False,acs,1
724,[Lr]C1=CC(C(N(C([Lr])n2ccnc2)n2ccnc2)n2ccnc2)=N1,0,sym_7_mc_4,10067.0,None,False,acs,0
725,O=C1SC([Lr])C(n2ccnc2)N(n2ccnc2)C1(C[Lr])n1ccnc1,0,sym_7_mc_4,10068.0,None,False,acs,1
726,O=C=NC1OC=C(C(N=C=O)(N=C=O)C([Lr])N=C=O)C=C1[Lr],0,sym_7_mc_4,10075.0,None,False,acs,1
727,NC(=O)C(=C[Lr])C1=CC(C(C(N)=O)=C([Lr])C(N)=O)=C1,0,sym_7_mc_4,10102.0,None,False,acs,1
728,Oc1ccc(C2C([Lr])=C([Lr])N([Lr])C2c2ccc(O)cc2)cc1,0,sym_7_mc_4,10115.0,None,False,acs,1
729,[Lr]C1=C(c2ccccc2)C(c2cc(-c3ccccc3)c([Lr])s2)=C1,0,sym_7_mc_4,10159.0,None,False,acs,1
730,N#CC1=CC([Lr])(C#N)C=C(C#N)C2=C(C#N)C([Lr])C=C12,0,sym_7_mc_4,10176.0,None,False,acs,0
731,C#CC1C=C2C([Lr])=CSC([Lr])=C2C(C#C)(C#C)C(C#C)O1,0,sym_7_mc_4,10186.0,None,False,acs,1
732,N#CC1=C([Lr])C2=CCOC(C#N)(C#N)C(C#N)C2=C([Lr])S1,0,sym_7_mc_4,10188.0,None,False,acs,1
733,CCc1c([Lr])c(CC)c(CC)c(C2OCC([Lr])(CC)CC2CC)c1CC,0,sym_7_mc_4,10225.0,None,False,acs,0
734,CSc1cc([Lr])ccc1C1(SC)OC(SC)C([Lr])C(SC)(SC)C1SC,0,sym_7_mc_4,10228.0,None,False,acs,1
735,O=S(=O)(O)C1=NC(c2ccc([Lr])cc2S(=O)(=O)O)=C1[Lr],0,sym_7_mc_4,10235.0,None,False,acs,0
736,O=C=Nc1cc([Lr])cc(N=C=O)c1Oc1cnc(N=C=O)c([Lr])c1,0,sym_7_mc_4,10243.0,None,False,acs,1
737,O=C=Nc1cc([Lr])cnc1Sc1cc(N=C=O)c([Lr])c(N=C=O)n1,0,sym_7_mc_4,10245.0,None,False,acs,1
738,O=C=Nc1cc([Lr])c(N=C=O)c(N=C=O)c1-c1ccc([Lr])cn1,0,sym_7_mc_4,10246.0,None,False,acs,1
739,O=C=Nc1nc(-c2ccc([Lr])nc2)c(N=C=O)c(N=C=O)c1[Lr],0,sym_7_mc_4,10254.0,None,False,acs,1
740,CP(C)c1cc(P(C)C)c(OC2=CC([Lr])=C2)c(P(C)C)c1[Lr],0,sym_7_mc_4,10257.0,None,False,acs,1
741,O=C=NC1=CC(c2ccc([Lr])cn2)=C(N=C=O)C1([Lr])N=C=O,0,sym_7_mc_4,10259.0,None,False,acs,1
742,O=Cc1cc2c(C=O)c3cc([Lr])cc(C=O)c3c(C=O)c2cc1[Lr],0,sym_7_mc_4,10260.0,None,False,acs,1
743,O=S(O)c1cc(-c2c(S(=O)O)c([Lr])cn2S(=O)O)ccc1[Lr],0,sym_7_mc_4,10294.0,None,False,acs,1
744,COc1ccc(C(=O)N(OC)c2cc([Lr])cc(OC)c2[Lr])c(OC)c1,0,sym_7_mc_4,10331.0,None,False,acs,1
745,CP(C)c1c([Lr])[nH]c2cc3c(c(P(C)C)c12)=C([Lr])C=3,0,sym_7_mc_4,10332.0,None,False,acs,1
746,NC(=O)C1=C(C(N)=O)C2=[SH]C([Lr])=CN=C([Lr])C2=C1,0,sym_7_mc_4,10336.0,None,False,acs,1
747,C#Cc1cc([Lr])cc2c1-c1c(cc([Lr])c(C#C)c1C#C)C2C#C,0,sym_7_mc_4,10350.0,None,False,acs,0
748,CCC1=C2C(CC)=C([Lr])C(CC)=C2c2c(CC)cc([Lr])cc2C1,0,sym_7_mc_4,10355.0,None,False,acs,1
749,ClC1=CC(Cl)(C2C=CN([Lr])C(Cl)=C2Cl)C(Cl)=CN1[Lr],0,sym_7_mc_4,10358.0,None,False,acs,1
750,O=CC1=CC([Lr])=CC(C=O)=C(C=O)N1C1=CC([Lr])=C[N]1,0,sym_7_mc_4,10408.0,None,False,acs,1
751,NCC1=C(CN)C(C2=CNN=C([Lr])N=C2)=C(CN)N([Lr])N=N1,0,sym_7_mc_4,10442.0,None,False,acs,1
752,CCc1c([Lr])c(CC)c2c(c1CC)C(=O)c1cc([Lr])ccc1C2=O,0,sym_7_mc_4,10463.0,None,False,acs,1
753,COc1cc([Lr])cc2c1C(=O)c1c(cc([Lr])c(OC)c1OC)C2=O,0,sym_7_mc_4,10475.0,None,False,acs,1
754,CCc1cc2c(c(CC)c1[Lr])S(=O)(=O)c1c-2ccc([Lr])c1CC,0,sym_7_mc_4,10495.0,None,False,acs,1
755,Nc1cc(-c2occ(-c3cc(N)c([Lr])c(N)c3N)c2N)ccc1[Lr],0,sym_7_mc_4,10511.0,None,False,acs,1
756,CCc1ccc([Lr])c2c1C(=O)c1cc(c(CC)c([Lr])c1CC)C2=O,0,sym_7_mc_4,10518.0,None,False,acs,1
757,O=c1oc2cc([Lr])c(O)c3c(=O)oc4c(O)c([Lr])cc1c4c23,0,sym_7_mc_4,10531.0,None,False,acs,1
758,Oc1cc(-c2nc(O)c(-c3c(O)cc([Lr])cc3O)n2O)ccc1[Lr],0,sym_7_mc_4,10538.0,None,False,acs,1
759,C#COC(C#C)(O[Lr])OC(C#C)CC(C#C)C(C#C)C([Lr])C#C,0,sym_7_mc_4,10571.0,None,False,acs,1
760,[Lr]C1=C(Cc2ccccc2)N([Lr])C(c2ccccc2)C1c1ccccc1,0,sym_7_mc_4,10594.0,None,False,acs,0
761,N#CSC(C(C#N)C#N)C(C#N)(C(C#N)=CC[Lr])C([Lr])C#N,0,sym_7_mc_4,10612.0,None,False,acs,1
762,Oc1ccc(-c2nc(C=C[Lr])c(-c3ccc(O)cc3)nc2[Lr])cc1,0,sym_7_mc_4,10629.0,None,False,acs,1
763,[Lr]C1CN=S(c2cncnc2)N([Lr])C1(c1cncnc1)c1cncnc1,0,sym_7_mc_4,10646.0,None,False,acs,1
764,[Lr]C1=[SH]C(n2ccnc2)C([Lr])(n2ccnc2)NN1n1ccnc1,0,sym_7_mc_4,10654.0,None,False,acs,1
765,O=S(=O)(O)SC1C([Lr])=CC2(S(=O)(=O)O)C([Lr])=C12,0,sym_7_mc_4,10723.0,None,False,acs,1
766,O=P(O)(O)OC1=C([Lr])OC2=CC=C([Lr])C21OP(=O)(O)O,0,sym_7_mc_4,10726.0,None,False,acs,1
767,O=P(O)(O)OC1[SH]=C([Lr])S[Lr]C1([Lr])OP(=O)(O)O,0,sym_7_mc_4,10728.0,None,False,acs,1
768,[Lr]c1ccc(-c2sc([Lr])c(-c3ccccc3)c2-c2ccccc2)s1,0,sym_7_mc_4,10740.0,None,False,acs,1
769,O=C=Nc1ccc(Oc2cc([Lr])c(N=C=O)s2)c(N=C=O)c1[Lr],0,sym_7_mc_4,10771.0,None,False,acs,1
770,O=C=NC1=C(/C(=C/[Lr])N=C=O)C=C1/C=C(/[Lr])N=C=O,0,sym_7_mc_4,10778.0,None,False,acs,1
771,[Lr]C1=C(c2ccncc2)C(c2cncc([Lr])c2-c2ccncc2)=N1,0,sym_7_mc_4,10791.0,None,False,acs,0
772,N#CC1=C(C#N)C(/C(C#N)=C(/[Lr])C#N)C=C1/C=C\[Lr],0,sym_7_mc_4,10815.0,None,False,acs,1
773,S=Cc1cc(N=Nc2cc(C=S)c([Lr])cc2C=S)c(C=S)cc1[Lr],0,sym_7_mc_4,10848.0,None,False,acs,1
774,BrC1=C(Br)C2(C=CN1[Lr])C(Br)N=CN(C(Br)[Lr])C2Br,0,sym_7_mc_4,10855.0,None,False,acs,1
775,ClC1=CN([Lr])C(Cl)=CC1C1(Cl)COC(Cl)C([Lr])=C1Cl,0,sym_7_mc_4,10862.0,None,False,acs,1
776,COC1=CN([Lr])C(OC)=CC1C1(OC)C(OC)=C([Lr])COC1OC,0,sym_7_mc_4,10865.0,None,False,acs,1
777,CSC(=Cc1ccc([Lr])cc1SC)c1c(SC)cc([Lr])c(SC)c1SC,0,sym_7_mc_4,10884.0,None,False,acs,0
778,COC1=C2C=C([Lr])C=C2C(OC)C2=C1C([Lr])C(OC)=C2OC,0,sym_7_mc_4,10922.0,None,False,acs,1
779,Brc1cc(-c2cc(Br)c(C#C[Lr])c(Br)c2Br)ccc1C#C[Lr],0,sym_7_mc_4,10978.0,None,False,acs,1
780,CCc1cc(-c2ccc(C#C[Lr])c(CC)c2CC)cc(CC)c1C#C[Lr],0,sym_7_mc_4,10979.0,None,False,acs,1
781,CCc1cc(-c2c(CC)cc([Lr])c(CC)c2C#N)c(C#N)cc1[Lr],0,sym_7_mc_4,10987.0,None,False,acs,1
782,C#Cc1c([Lr])cc(C#C)c2c1c(=O)c1ccc([Lr])cc1n2C#C,0,sym_7_mc_4,11028.0,None,False,acs,1
783,O=S1(=O)c2c([Lr])cccc2-c2c(F)c(F)c([Lr])c(F)c21,0,sym_7_mc_4,11054.0,None,False,acs,1
784,Oc1cc(-c2nsc(-c3cc(O)c([Lr])c(O)c3)c2O)ccc1[Lr],0,sym_7_mc_4,11074.0,None,False,acs,1
785,Cc1cc(-n2nnc(-c3cc([Lr])c(C)c(C)c3C)n2)ccc1[Lr],0,sym_7_mc_4,11095.0,None,False,acs,1
786,Oc1cc(-n2nnc(-c3cc([Lr])c(O)cc3O)n2)c(O)cc1[Lr],0,sym_7_mc_4,11096.0,None,False,acs,1
787,Nc1cc(-n2nc(N)c(-c3ccc([Lr])c(N)c3N)n2)ccc1[Lr],0,sym_7_mc_4,11106.0,None,False,acs,1
788,Sc1cc([Lr])ccc1-c1nn(-c2cc(S)c([Lr])c(S)c2)nc1S,0,sym_7_mc_4,11107.0,None,False,acs,1
789,Oc1cc([Lr])ccc1C1=NN(c2cc(O)c([Lr])c(O)c2O)[N]1,0,sym_7_mc_4,11127.0,None,False,acs,1
790,PC1=c2cc3c(c4c([Lr])c(P)c-4c(P)c2=CC1(P)[Lr])C3,0,sym_7_mc_4,11132.0,None,False,acs,1
791,O=C(OOC(=O)c1c(F)cc([Lr])cc1F)C1=C(F)C([Lr])=C1,0,sym_7_mc_4,11140.0,None,False,acs,1
792,Oc1cc(O)cc(C(O[Lr])C(OOO[Lr])c2cc(O)cc(O)c2)c1,0,sym_7_mc_4,11168.0,None,False,acs,1
793,[Lr]CC(/C=C/N([Lr])c1cncnc1)(c1cncnc1)c1cncnc1,0,sym_7_mc_4,11185.0,None,False,acs,1
794,[Lr]C1C(c2ccccc2)NN([Lr])N(c2ccccc2)C1c1ccccc1,0,sym_7_mc_4,11214.0,None,False,acs,1
795,[Lr]C1=C(c2ccccc2)C([Lr])CC1(c1ccccc1)c1ccccc1,0,sym_7_mc_4,11219.0,None,False,acs,1
796,[Lr]C1C=S([Lr])C(c2cncnc2)C1(c1cncnc1)c1cncnc1,0,sym_7_mc_4,11222.0,None,False,acs,1
797,[Lr]C1C=S([Lr])C(c2ccncc2)C1(c1ccncc1)c1ccncc1,0,sym_7_mc_4,11223.0,None,False,acs,1
798,CP(C)OC(P(C)C)(P(C)C)C(C/C=C/[Lr])(O[Lr])P(C)C,0,sym_7_mc_4,11242.0,None,False,acs,1
799,O=C=NC(S(N=C=O)=C(S)O[Lr])C(C[Lr])(N=C=O)N=C=O,0,sym_7_mc_4,11260.0,None,False,acs,1
800,Oc1ccc(C(=N[Lr])c2ccc([Lr])nc2-c2ccc(O)cc2)cc1,0,sym_7_mc_4,11269.0,None,False,acs,1
801,O=S(O)C1([Lr])C=[SH]C(S(=O)O)(S(=O)O)N([Lr])C1,0,sym_7_mc_4,11288.0,None,False,acs,1
802,COSC(OC)(C(OC)OC)C(C(=CC[Lr])OC)C(OC)C([Lr])OC,0,sym_7_mc_4,11294.0,None,False,acs,1
803,O=S(=O)(O)c1c2scc([Lr])cc-2c([Lr])c1S(=O)(=O)O,0,sym_7_mc_4,11328.0,None,False,acs,1
804,N#COC(=C[Lr])C1=C(OC#N)C(OC(C[Lr])OC#N)=C1OC#N,0,sym_7_mc_4,11333.0,None,False,acs,1
805,[Lr]c1ccc2c(-c3cncnc3)c([Lr])cc(-c3cncnc3)c2n1,0,sym_7_mc_4,11354.0,None,False,acs,1
806,O=P(O)(O)Oc1cc(C#CC#C[Lr])c(OP(=O)(O)O)cc1[Lr],0,sym_7_mc_4,11377.0,None,False,acs,1
807,NC(=O)c1c([Lr])c(C(N)=O)c2c([Lr])cccc2c1C(N)=O,0,sym_7_mc_4,11380.0,None,False,acs,1
808,N#COC(=C[Lr])c1cc(OC#N)c(C(=C[Lr])OC#N)cc1OC#N,0,sym_7_mc_4,11390.0,None,False,acs,1
809,O=CC1=C([Lr])C(C=O)C(C=O)C(/N=C(\C=O)C[Lr])=C1,0,sym_7_mc_4,11397.0,None,False,acs,1
810,OOC(=C[Lr])c1ccc(C(OO)(OO)C(C#C[Lr])OO)c(OO)c1,0,sym_7_mc_4,11408.0,None,False,acs,1
811,[Lr]C1=CC(c2cc([Lr])c(-n3ccnc3)nc2-n2ccnc2)=N1,0,sym_7_mc_4,11443.0,None,False,acs,1
812,CP(C)c1cnc([Lr])cc1Oc1ccc([Lr])c(P(C)C)c1P(C)C,0,sym_7_mc_4,11448.0,None,False,acs,1
813,O=C=Nc1cc(-c2ccc([Lr])nc2N=C=O)cc(N=C=O)c1[Lr],0,sym_7_mc_4,11453.0,None,False,acs,1
814,CP(C)c1cc([Lr])ccc1-c1ncc([Lr])c(P(C)C)c1P(C)C,0,sym_7_mc_4,11461.0,None,False,acs,1
815,O=C=NC1=C([Lr])C=C1Oc1ccc([Lr])c(N=C=O)c1N=C=O,0,sym_7_mc_4,11469.0,None,False,acs,1
816,CP(C)c1cc([Lr])ncc1-c1nc(P(C)C)c([Lr])cc1P(C)C,0,sym_7_mc_4,11473.0,None,False,acs,0
817,S=CC1=CC(C=S)C([Lr])=CC2=C1C(C=S)C([Lr])=C2C=S,0,sym_7_mc_4,11483.0,None,False,acs,1
818,CSc1ccc([Lr])c(C2=C(C(SC)SC)C=C([Lr])C2SC)c1SC,0,sym_7_mc_4,11500.0,None,False,acs,1
819,S=CC1=C([Lr])C2=Cc3cc([Lr])c(C=S)c(C=S)c3C2=C1,0,sym_7_mc_4,11529.0,None,False,acs,1
820,C#Cc1c([Lr])ccc2c3c(oc12)C(C#C)(C#C)C([Lr])=C3,0,sym_7_mc_4,11533.0,None,False,acs,1
821,OOC1=C([Lr])C(OO)(OO)C2=C1Cc1cc([Lr])cc(OO)c12,0,sym_7_mc_4,11541.0,None,False,acs,1
822,OOc1cc2c(cc(OO)c3c(OO)c([Lr])ccc32)c(OO)c1[Lr],0,sym_7_mc_4,11549.0,None,False,acs,1
823,BrC1=CC(c2cc(Br)c([Lr])c(Br)c2)=C(Br)C=CN1[Lr],0,sym_7_mc_4,11572.0,None,False,acs,1
824,CSC1=C([Lr])C=C2C1=C(SC)C(SC)c1c2ccc([Lr])c1SC,0,sym_7_mc_4,11593.0,None,False,acs,1
825,C#Cc1cc([Lr])cc2c1-c1c(cc([Lr])c(C#C)c1C#C)NS2,0,sym_7_mc_4,11604.0,None,False,acs,1
826,Oc1cc([Lr])c(O)c2c1C(O)C(O)(O)c1cc([Lr])ccc1-2,0,sym_7_mc_4,11627.0,None,False,acs,1
827,O=c1c2c(Br)cc([Lr])c(Br)cc-2c(Br)c2c1=CC=2[Lr],0,sym_7_mc_4,11636.0,None,False,acs,1
828,O=C1c2ccc([Lr])c(F)c2C(F)(F)c2cc([Lr])cc(F)c21,0,sym_7_mc_4,11649.0,None,False,acs,1
829,O=C1c2cc(S)c([Lr])cc2C(S)c2c(S)c([Lr])cc(S)c21,0,sym_7_mc_4,11651.0,None,False,acs,1
830,CCC1=C2C(=CC([Lr])=C2CC)c2c(ccc([Lr])c2CC)[N]1,0,sym_7_mc_4,11661.0,None,False,acs,1
831,COC1=C2C(=CC1([Lr])OC)C(=O)c1cc([Lr])cc(OC)c12,0,sym_7_mc_4,11668.0,None,False,acs,1
832,CCc1cc([Lr])cc(CC)c1C#CC#Cc1ccc([Lr])c(CC)c1CC,0,sym_7_mc_4,11671.0,None,False,acs,1
833,OC1=C2C(O)C(O)C2C(S2(O)SC([Lr])C2O)C(O)=C1[Lr],0,sym_7_mc_4,11690.0,None,False,acs,1
834,ClC1=CC(C2=CN(Cl)N=C([Lr])N=C2Cl)=CN([Lr])N=N1,0,sym_7_mc_4,11713.0,None,False,acs,1
835,CCC1=CN=NN([Lr])C=C1C1=C(CC)N(CC)N=C([Lr])N=C1,0,sym_7_mc_4,11714.0,None,False,acs,1
836,O=C1C(=CBr)C([Lr])=C(Br)N=C1c1ccc([Lr])c(Br)c1,0,sym_7_mc_4,11725.0,None,False,acs,1
837,Pc1cc(-c2cc(P)n([Lr])c2)cc(-c2cn([Lr])nc2P)c1P,0,sym_7_mc_4,11740.0,None,False,acs,1
838,Nc1cc([Lr])ccc1C1=NC(c2cc(N)c([Lr])c(N)c2N)=N1,0,sym_7_mc_4,11752.0,None,False,acs,1
839,Pc1cc([Lr])ccc1C1=NC(c2c(P)cc([Lr])c(P)c2P)=N1,0,sym_7_mc_4,11754.0,None,False,acs,1
840,Sc1c(-c2cc(S)n([Lr])c2)ccc(-c2cnn([Lr])c2S)c1S,0,sym_7_mc_4,11764.0,None,False,acs,1
841,O=CC1=NSC(C=O)=C([Lr])C=C1SSC1=NC=NC([Lr])=NN1,0,sym_7_mc_4,11770.0,None,False,acs,1
842,NC(=O)C(O[Lr])C(C(N)=O)C(C[Lr])(C(N)=O)C(N)=O,0,sym_7_mc_4,11798.0,None,False,acs,1
843,[Lr]C1CC([Lr])C(c2cncnc2)(c2cncnc2)N1c1cncnc1,0,sym_7_mc_4,11819.0,None,False,acs,1
844,[Lr]C1(n2ccnc2)CN(n2ccnc2)C([Lr])(n2ccnc2)NN1,0,sym_7_mc_4,11831.0,None,False,acs,1
845,CP(C)C1NC([Lr])N(P(C)C)CC(P(C)C)(P(C)C)N1[Lr],0,sym_7_mc_4,11843.0,None,False,acs,1
846,O=C(O)C([Lr])=C(C(=O)O)c1ccc([Lr])c(C(=O)O)c1,0,sym_7_mc_4,11876.0,None,False,acs,1
847,Oc1ccc(N2C([Lr])=[SH]CC2([Lr])c2ccc(O)cc2)cc1,0,sym_7_mc_4,11882.0,None,False,acs,1
848,NCC(N)(C(C(N)CC[Lr])C(N)(N)C(N)C(N)[Lr])N(N)N,0,sym_7_mc_4,11907.0,None,False,acs,1
849,O=C1SC([Lr])=S(S(=O)(=O)O)C1C([Lr])S(=O)(=O)O,0,sym_7_mc_4,11957.0,None,False,acs,0
850,[Lr]c1cc2c(s1)C(c1ccccc1)(c1ccccc1)SC([Lr])S2,0,sym_7_mc_4,11965.0,None,False,acs,1
851,SC1(c2ccccc2)C([Lr])=C(c2ccccc2)C2C([Lr])=C21,0,sym_7_mc_4,11980.0,None,False,acs,1
852,[Lr]C1=NCC2=C([Lr])C(c3ccncc3)=CC2=C1c1ccncc1,0,sym_7_mc_4,11993.0,None,False,acs,1
853,[Lr]c1ccc(-c2sc([Lr])c(-n3ccnc3)c2-n2ccnc2)s1,0,sym_7_mc_4,12002.0,None,False,acs,1
854,[Lr]/N=[SH]/C1(c2cncnc2)C=CC([Lr])=C1c1cncnc1,0,sym_7_mc_4,12008.0,None,False,acs,1
855,O=C=Nc1c(C2C(N=C=O)N=NN([Lr])C2N=C=O)cnn1[Lr],0,sym_7_mc_4,12026.0,None,False,acs,1
856,[Lr]C1=CC(c2ccc(-n3ccnc3)c([Lr])n2)=C1n1ccnc1,0,sym_7_mc_4,12030.0,None,False,acs,1
857,S=CC1=CN(Nc2ccc([Lr])cc2C=S)C(C=S)(C=S)N1[Lr],0,sym_7_mc_4,12051.0,None,False,acs,1
858,NC1CC(N)(N)C(N)([Lr])C(N)CC1(N)C1=C([Lr])C=N1,0,sym_7_mc_4,12067.0,None,False,acs,1
859,O=Cc1cc2c(c(C=O)c1[Lr])C(C=O)C(=O)C21C=C1[Lr],0,sym_7_mc_4,12098.0,None,False,acs,1
860,PC1=CC(C2C=CN([Lr])C(P)(P)C2P)C(P)=C(P)N1[Lr],0,sym_7_mc_4,12120.0,None,False,acs,1
861,NCc1cc2c3c(CN)ccc([Lr])cc(CN)c-3c2c(CN)c1[Lr],0,sym_7_mc_4,12126.0,None,False,acs,1
862,O=S(O)C1=CN=NN([Lr])C(S(=O)O)=C1c1cnn([Lr])c1,0,sym_7_mc_4,12128.0,None,False,acs,1
863,CSc1cc([Lr])cc2c1C1=CC(SC)C([Lr])=C1SC2(SC)SC,0,sym_7_mc_4,12141.0,None,False,acs,1
864,FC1=CN([Lr])C(F)=C(F)C1(F)C1(F)C=CN([Lr])C=C1,0,sym_7_mc_4,12173.0,None,False,acs,1
865,PC1=C(P)N([Lr])C(P)=C(P)C1C1(P)C=CN([Lr])C=C1,0,sym_7_mc_4,12174.0,None,False,acs,1
866,OCc1cc(-c2c(O)cc([Lr])c(C(O)O)c2O)c(O)cc1[Lr],0,sym_7_mc_4,12176.0,None,False,acs,0
867,CCC1=NC(C2NC(=O)C(CC)C([Lr])C(CC)N2CC)=C1[Lr],0,sym_7_mc_4,12193.0,None,False,acs,1
868,NCC1=NC(C2N(CN)C(=O)CC([Lr])C(CN)N2CN)=C1[Lr],0,sym_7_mc_4,12195.0,None,False,acs,1
869,OC1=CC([Lr])=C(O)/C1=C/C1C=C(O)N([Lr])C(O)C1O,0,sym_7_mc_4,12204.0,None,False,acs,1
870,F/C(=C\c1ccc([Lr])c(F)c1F)Sc1ccc([Lr])c(F)c1F,0,sym_7_mc_4,12212.0,None,False,acs,1
871,CSC1=CC=C([Lr])C=C(SC)N1C1=CC([Lr])=C(SC)[N]1,0,sym_7_mc_4,12223.0,None,False,acs,1
872,O=C1C=C2C(=CC([Lr])=C2S)c2cc(S)c(S)c([Lr])c21,0,sym_7_mc_4,12250.0,None,False,acs,1
873,Cc1cc2c(c(C)c1[Lr])S(=O)(=O)c1c-2ccc([Lr])c1C,0,sym_7_mc_4,12283.0,None,False,acs,1
874,NCC1=C(OC2=NC([Lr])=C2CN)/N=C\N=C([Lr])/N=C\1,0,sym_7_mc_4,12295.0,None,False,acs,0
875,OC1=c2c(O)c3cc([Lr])c-3c3c(c(O)c2=CC1[Lr])C3O,0,sym_7_mc_4,12304.0,None,False,acs,1
876,O=C=N/C([Lr])=C(/N=C=O)C(CC([Lr])N=C=O)N=C=O,0,sym_7_mc_4,12327.0,None,False,acs,1
877,[Lr]N1CC(n2ccnc2)C([Lr])(n2ccnc2)N=C1n1ccnc1,0,sym_7_mc_4,12365.0,None,False,acs,1
878,O=CC(=CCC(O)([Lr])C=O)C(C=O)(C=O)C(C=O)O[Lr],0,sym_7_mc_4,12371.0,None,False,acs,1
879,O=S(=O)(O)C(O[Lr])C(c1cnn([Lr])n1)S(=O)(=O)O,0,sym_7_mc_4,12387.0,None,False,acs,1
880,BrCC(Br)(NBr)C(Br)(Br)C(Br)(C[Lr])C(Br)C[Lr],0,sym_7_mc_4,12398.0,None,False,acs,1
881,N=C1SC(C(=O)O)(C(=O)O)C([Lr])CC1([Lr])C(=O)O,0,sym_7_mc_4,12410.0,None,False,acs,1
882,NC(=O)c1ccc(C#C[Lr])c(C(N)=O)c1C([Lr])C(N)=O,0,sym_7_mc_4,12445.0,None,False,acs,1
883,O=P(O)(O)OCC1=C([Lr])C(OP(=O)(O)O)=C1C=N[Lr],0,sym_7_mc_4,12449.0,None,False,acs,1
884,CSSSC(=C[Lr])CC(C=C(SC)C(SC)(SC)C([Lr])SC)SC,0,sym_7_mc_4,12452.0,None,False,acs,1
885,N#CS(Br)(C[Lr])C(Br)C(Br)CC(Br)C(Br)(Br)[Lr],0,sym_7_mc_4,12467.0,None,False,acs,1
886,[Lr]c1cc(-n2ccnc2)c(-n2ccnc2)c2c([Lr])cc=2o1,0,sym_7_mc_4,12487.0,None,False,acs,1
887,[Lr]C=CC1=NC(C(=C([Lr])c2ccncc2)c2ccncc2)=C1,0,sym_7_mc_4,12492.0,None,False,acs,1
888,[Lr]c1c2c(c(-c3cncnc3)c([Lr])c1-c1cncnc1)OC2,0,sym_7_mc_4,12498.0,None,False,acs,1
889,CCCC1=CC([Lr])(CCC)CC2(CCC)C(CCC)=C([Lr])C12,0,sym_7_mc_4,12501.0,None,False,acs,1
890,O=C1SC([Lr])=[SH]C1(c1ccccc1)C([Lr])c1ccccc1,0,sym_7_mc_4,12504.0,None,False,acs,1
891,NCc1cc([Lr])c2c(c1[Lr])C(CN)C(CN)(CN)C(CN)C2,0,sym_7_mc_4,12529.0,None,False,acs,1
892,N#CC([Lr])=C(C#N)c1cc(C#N)c(C=C[Lr])c(C#N)c1,0,sym_7_mc_4,12533.0,None,False,acs,1
893,CP(C)C(=C[Lr])C1=C(P(C)C)C(C#CC[Lr])=C1P(C)C,0,sym_7_mc_4,12544.0,None,False,acs,1
894,N#CC1=C(/C=C(/[Lr])C#N)C(C#N)=C1C(C#N)CO[Lr],0,sym_7_mc_4,12571.0,None,False,acs,1
895,N#COC1=CC(c2cc([Lr])c(OC#N)c(OC#N)c2)=C1[Lr],0,sym_7_mc_4,12607.0,None,False,acs,1
896,C#Cc1cc([Lr])nc(-c2cc(C#C)c([Lr])c(C#C)n2)c1,0,sym_7_mc_4,12624.0,None,False,acs,1
897,O=CC1=C([Lr])c2cc(C=O)c3cc([Lr])cc(C=O)c3c21,0,sym_7_mc_4,12628.0,None,False,acs,1
898,COc1c([Lr])cc2c(OC)c3c(OC)cc([Lr])cc3cc2c1OC,0,sym_7_mc_4,12633.0,None,False,acs,1
899,N#COC1=C([Lr])C=C1OOc1cc([Lr])cc(OC#N)c1OC#N,0,sym_7_mc_4,12643.0,None,False,acs,1
900,O=C=Nc1ccc(N=C=O)c2c1n([Lr])c(=O)c(=O)n2[Lr],0,sym_7_mc_4,12678.0,None,False,acs,1
901,Brc1cc2c(Br)c3c(Br)cc([Lr])cc3c(Br)c2cc1[Lr],0,sym_7_mc_4,12681.0,None,False,acs,1
902,C#CSc1c([Lr])cc(C#C)c(C#C)c1-c1ncc([Lr])cc1O,0,sym_7_mc_4,12711.0,None,False,acs,1
903,C#COc1c(C#C)cc([Lr])nc1-c1c(S)cc([Lr])cc1C#C,0,sym_7_mc_4,12743.0,None,False,acs,1
904,O=Cc1c([Lr])ccc2c1C1=C2C(C=O)(C=O)C([Lr])=C1,0,sym_7_mc_4,12747.0,None,False,acs,1
905,S=CC1=C(c2cn([Lr])c(C=S)c2C=S)C=NN([Lr])C=C1,0,sym_7_mc_4,12758.0,None,False,acs,1
906,[Lr]c1cnc(-c2ncc([Lr])n2-n2ccnc2)cc1-n1ccnc1,0,sym_7_mc_4,12759.0,None,False,acs,1
907,Brc1c([Lr])cc2c(c1Br)-c1c(ccc([Lr])c1Br)C2Br,0,sym_7_mc_4,12793.0,None,False,acs,1
908,FC(F)c1nc(-c2ccc([Lr])c(C(F)(F)F)n2)ccc1[Lr],0,sym_7_mc_4,12834.0,None,False,acs,0
909,Oc1cc(-c2cn([Lr])nc2O)ccc1C1(O)C(O)C1(O)[Lr],0,sym_7_mc_4,12839.0,None,False,acs,1
910,Nc1cc2c(c(N)c1[Lr])CC(N)c1c-2cc([Lr])c(N)c1N,0,sym_7_mc_4,12842.0,None,False,acs,0
911,OOC1=C([Lr])C(OO)=c2c1cc1c(c2OO)C=C([Lr])C=1,0,sym_7_mc_4,12867.0,None,False,acs,0
912,BrC1=C2C(=C[N]c3c2cc([Lr])c(Br)c3Br)C=C1[Lr],0,sym_7_mc_4,12878.0,None,False,acs,1
913,COc1cc(-c2cnn([Lr])c2OC)c(OC)cc1C1=CN=C1[Lr],0,sym_7_mc_4,12918.0,None,False,acs,0
914,O=C1C=C2C=C([Lr])C2=C2C(=CC([Lr])=C2O)C1(O)O,0,sym_7_mc_4,12931.0,None,False,acs,1
915,Fc1cc(-c2cnn([Lr])c2F)ccc1-c1nc(F)n([Lr])c1F,0,sym_7_mc_4,12942.0,None,False,acs,1
916,Fc1cc(-n2nnc(-c3ncc([Lr])cc3F)n2)c(F)cc1[Lr],0,sym_7_mc_4,12971.0,None,False,acs,1
917,[Lr]OC(c1ccccc1)C(c1ccccc1)C(O[Lr])c1ccccc1,0,sym_7_mc_4,12975.0,None,False,acs,1
918,[Lr]CC(/C=C(/O[Lr])n1ccnc1)(n1ccnc1)n1ccnc1,0,sym_7_mc_4,12980.0,None,False,acs,1
919,OO/C(=C\C([Lr])(OO)OO)C(OO)C(OO)SCC([Lr])OO,0,sym_7_mc_4,13021.0,None,False,acs,1
920,NCC(C[Lr])SC(CN)(CN)C(/C=C/C([Lr])(CN)CN)CN,0,sym_7_mc_4,13023.0,None,False,acs,1
921,Oc1ccc(C2=C([Lr])C(c3ccc(O)cc3)NNN2[Lr])cc1,0,sym_7_mc_4,13025.0,None,False,acs,1
922,CCCC([Lr])=CC(C(S)CCC)(C([Lr])CCC)C(CCC)CCC,0,sym_7_mc_4,13036.0,None,False,acs,1
923,C#CC(=C[Lr])C(C(S)C#C)(C([Lr])C#C)C(C#C)C#C,0,sym_7_mc_4,13037.0,None,False,acs,1
924,O=S(O)C1=C([Lr])C(S(=O)O)=C1C(OC[Lr])S(=O)O,0,sym_7_mc_4,13050.0,None,False,acs,1
925,O=S(=O)(O)C(=C[Lr])c1ccc([Lr])nc1S(=O)(=O)O,0,sym_7_mc_4,13054.0,None,False,acs,1
926,OOCC(S)C(OO)(C(=CC([Lr])(OO)OO)OO)C([Lr])OO,0,sym_7_mc_4,13063.0,None,False,acs,1
927,O=S(O)C1=CC(OC([Lr])S(=O)O)C(S(=O)O)=C1[Lr],0,sym_7_mc_4,13088.0,None,False,acs,1
928,O=P(O)(O)OC1C([Lr])=C=C=CC1([Lr])OP(=O)(O)O,0,sym_7_mc_4,13106.0,None,False,acs,1
929,O=C(O)C1=C([Lr])N=C1C(NC([Lr])C(=O)O)C(=O)O,0,sym_7_mc_4,13107.0,None,False,acs,1
930,NC(=O)C1=C(CN(C(N)=O)C([Lr])C(N)=O)C=C1[Lr],0,sym_7_mc_4,13121.0,None,False,acs,1
931,[Lr]c1cc(-c2cncnc2)c([Lr])c2c1C(c1cncnc1)O2,0,sym_7_mc_4,13138.0,None,False,acs,1
932,[Lr]C1=Cc2c1c(-c1ccncc1)cc([Lr])c2-c1ccncc1,0,sym_7_mc_4,13142.0,None,False,acs,1
933,[Lr]c1sc([Lr])c2c1OCC(c1cncnc1)(c1cncnc1)O2,0,sym_7_mc_4,13160.0,None,False,acs,1
934,C#CC1=C2CC([Lr])C2(C#C)SC(C#C)C(C#C)=C1[Lr],0,sym_7_mc_4,13206.0,None,False,acs,1
935,S=CC(=C[Lr])CC1=CC(C(C=S)=C([Lr])C=S)=C1C=S,0,sym_7_mc_4,13210.0,None,False,acs,1
936,O=S(O)C1=C(S(=O)O)C([Lr])=C2CN=C([Lr])C=C21,0,sym_7_mc_4,13216.0,None,False,acs,1
937,N#Cc1cc([Lr])c(C#N)c(Oc2cc([Lr])c(C#N)s2)c1,0,sym_7_mc_4,13244.0,None,False,acs,1
938,O=CC1=C([Lr])SC(C=O)C=C2C=C([Lr])C(C=O)=C21,0,sym_7_mc_4,13247.0,None,False,acs,1
939,S=CC1=C([Lr])C(OOc2ccc([Lr])c(C=S)c2C=S)=C1,0,sym_7_mc_4,13255.0,None,False,acs,1
940,CCc1cc([Lr])c(CC)c(CC)c1SC(CC)n1ccc([Lr])c1,0,sym_7_mc_4,13298.0,None,False,acs,1
941,O=S(O)c1c(OC2=CC([Lr])=C2)cnc([Lr])c1S(=O)O,0,sym_7_mc_4,13300.0,None,False,acs,1
942,O=C(O)c1cc([Lr])cc(C(=O)O)c1C1=NN([Lr])[N]1,0,sym_7_mc_4,13304.0,None,False,acs,1
943,S=Cc1cc2cnc3nc(C=S)c([Lr])c(C=S)c3c2cc1[Lr],0,sym_7_mc_4,13354.0,None,False,acs,1
944,CCCc1c([Lr])cnc2c1C(CCC)C1=C2C(CCC)C=C1[Lr],0,sym_7_mc_4,13355.0,None,False,acs,1
945,O=CC1=C([Lr])C2=C(c3ncc([Lr])cc3C2C=O)C1C=O,0,sym_7_mc_4,13356.0,None,False,acs,1
946,C#Cc1cc(SSc2ncc([Lr])c(C#C)n2)c(C#C)cc1[Lr],0,sym_7_mc_4,13373.0,None,False,acs,1
947,O=c1c(Cl)c(-c2ccc([Lr])cc2)c(Cl)c(Cl)n1[Lr],0,sym_7_mc_4,13384.0,None,False,acs,1
948,NC1=C2C(=C([Lr])C1(N)N)SC(N)c1cc([Lr])ccc12,0,sym_7_mc_4,13433.0,None,False,acs,1
949,N#Cc1cc2c(cc1[Lr])-c1c-2cc([Lr])c(C#N)c1C#N,0,sym_7_mc_4,13439.0,None,False,acs,1
950,OC1=CN([Lr])C=CC1C1C(O)=C(O)N([Lr])C(O)=C1O,0,sym_7_mc_4,13451.0,None,False,acs,1
951,O=CC1=C([Lr])N=CN=C(OC2=C(C=O)C([Lr])=C2)O1,0,sym_7_mc_4,13493.0,None,False,acs,1
952,Cc1cc2c(cc1[Lr])C(=O)c1cc([Lr])c(C)c(C)c1-2,0,sym_7_mc_4,13504.0,None,False,acs,1
953,O=C1C2=C(F)C([Lr])C=C2c2cc(F)c([Lr])c(F)c21,0,sym_7_mc_4,13518.0,None,False,acs,1
954,O=C1c2cc([Lr])ccc2-c2c([Lr])c(F)c(F)c(F)c21,0,sym_7_mc_4,13522.0,None,False,acs,1
955,NC1=CN=NN([Lr])C(N)=C1C1=C(N)NN=C([Lr])N=C1,0,sym_7_mc_4,13550.0,None,False,acs,1
956,Nc1cc(C2=CC([Lr])=N2)cc(N)c1-c1cn([Lr])nc1N,0,sym_7_mc_4,13560.0,None,False,acs,1
957,Oc1cc(-c2cn([Lr])nn2)cc(O)c1-c1cn([Lr])nc1O,0,sym_7_mc_4,13565.0,None,False,acs,1
958,SC1=C(OC2=NC([Lr])=C2S)/N=C\N=C([Lr])/N=C\1,0,sym_7_mc_4,13570.0,None,False,acs,1
959,CP(C)SC(CS[Lr])(C(C([Lr])P(C)C)P(C)C)P(C)C,0,sym_7_mc_4,13578.0,None,False,acs,1
960,[Lr]C1SC(n2ccnc2)(n2ccnc2)C([Lr])C1n1ccnc1,0,sym_7_mc_4,13581.0,None,False,acs,1
961,CCCC([Lr])C(CCC)NC(CCC)(CCC)C(S)C([Lr])CCC,0,sym_7_mc_4,13586.0,None,False,acs,1
962,N#CC([Lr])C(S)(C#N)CNC(C#N)(C#N)C([Lr])C#N,0,sym_7_mc_4,13588.0,None,False,acs,1
963,N#CON([Lr])N1CC([Lr])(OC#N)C(OC#N)(OC#N)C1,0,sym_7_mc_4,13598.0,None,False,acs,0
964,Oc1ccc(C2N([Lr])C=CC2([Lr])c2ccc(O)cc2)cc1,0,sym_7_mc_4,13601.0,None,False,acs,1
965,O=C(O)OC(OC=C(C(=O)O)C([Lr])C(=O)O)OOO[Lr],0,sym_7_mc_4,13628.0,None,False,acs,1
966,NC(=O)OC(OC=CC([Lr])C(N)=O)(OOO[Lr])C(N)=O,0,sym_7_mc_4,13629.0,None,False,acs,1
967,NC(=O)C1=CC(C(C(N)=O)C([Lr])C(N)=O)=C1[Lr],0,sym_7_mc_4,13652.0,None,False,acs,1
968,N#COc1c(CN(OC#N)C([Lr])OC#N)cn([Lr])c1OC#N,0,sym_7_mc_4,13659.0,None,False,acs,0
969,COC(=CCC([Lr])OC)C(OC#N)C(OC)(OC)C([Lr])OC,0,sym_7_mc_4,13702.0,None,False,acs,0
970,O=C=Nc1cc([Lr])c2c(c1[Lr])OCC2(N=C=O)N=C=O,0,sym_7_mc_4,13711.0,None,False,acs,1
971,S=CC1=C(C(C=S)C(C=S)C([Lr])C=S)C=C1C#C[Lr],0,sym_7_mc_4,13732.0,None,False,acs,1
972,[Lr]C1=C([Lr])N([Lr])C(c2ccccc2)C1c1ccccc1,0,sym_7_mc_4,13745.0,None,False,acs,1
973,[Lr]C1=C([Lr])N([Lr])C(c2cncnc2)C1c1cncnc1,0,sym_7_mc_4,13746.0,None,False,acs,1
974,[Lr]C#CC#Cc1cc(-n2ccnc2)c([Lr])cc1-n1ccnc1,0,sym_7_mc_4,13753.0,None,False,acs,1
975,COC1c2c([Lr])ccc([Lr])c2C(OC)(OC)CC1(OC)OC,0,sym_7_mc_4,13761.0,None,False,acs,1
976,C#CC([Lr])=Cc1ccc(C=C([Lr])C#C)c(C#C)c1C#C,0,sym_7_mc_4,13765.0,None,False,acs,1
977,[Lr]C1=S(c2ccccc2)CC([Lr])(c2ccccc2)[Lr]S1,0,sym_7_mc_4,13768.0,None,False,acs,1
978,O=CC1=C2C([Lr])=CC(C=O)C(C=O)=C([Lr])C2=C1,0,sym_7_mc_4,13797.0,None,False,acs,1
979,N#CC1=CSC([Lr])=C(C#N)c2cc(C#N)c([Lr])cc21,0,sym_7_mc_4,13802.0,None,False,acs,1
980,O=C(O)C1=C([Lr])C(C(=O)O)=C1c1ccc([Lr])nn1,0,sym_7_mc_4,13813.0,None,False,acs,1
981,OOC1c2c([Lr])c3c(c([Lr])c2C1OO)C(OO)(OO)C3,0,sym_7_mc_4,13824.0,None,False,acs,1
982,O=C(O)C1=C(c2cc(C(=O)O)cc([Lr])n2)C=C1[Lr],0,sym_7_mc_4,13834.0,None,False,acs,1
983,BrC1c2c([Lr])c3c(c([Lr])c21)C(Br)C(Br)C3Br,0,sym_7_mc_4,13847.0,None,False,acs,1
984,S=Cc1cc(C=S)c(Oc2cnc([Lr])c(C=S)c2)cc1[Lr],0,sym_7_mc_4,13868.0,None,False,acs,1
985,C#Cc1c([Lr])c(C#C)c(-c2ccncc2)c([Lr])c1C#C,0,sym_7_mc_4,13909.0,None,False,acs,1
986,O=Cc1cc(-c2cc([Lr])cc(C=O)c2[Lr])c(C=O)cn1,0,sym_7_mc_4,13910.0,None,False,acs,1
987,CCCC1=C([Lr])C(CCC)=C1Oc1ccc([Lr])c(CCC)c1,0,sym_7_mc_4,13913.0,None,False,acs,1
988,C#Cc1nc(C2=CC([Lr])C=C2)c(C#C)c(C#C)c1[Lr],0,sym_7_mc_4,13921.0,None,False,acs,1
989,OOC1=C([Lr])CC=CC2=C1C(OO)=C([Lr])C2(OO)OO,0,sym_7_mc_4,13934.0,None,False,acs,1
990,CP(C)c1cnc([Lr])c(P(C)C)c1OOC1=CC([Lr])=C1,0,sym_7_mc_4,13950.0,None,False,acs,1
991,CSc1cc([Lr])c(SC)c2c1cnc1ncc([Lr])c(SC)c12,0,sym_7_mc_4,13959.0,None,False,acs,1
992,COC1=C([Lr])C2=C(c3nc(OC)c([Lr])cc3C2)C1OC,0,sym_7_mc_4,13961.0,None,False,acs,1
993,Fc1cc([Lr])c(F)c2c(F)c3cc([Lr])ccc3c(F)c12,0,sym_7_mc_4,13978.0,None,False,acs,1
994,CSC1=[SH]C([Lr])(SC)C(SC)=C2C=C([Lr])C=C12,0,sym_7_mc_4,13995.0,None,False,acs,1
995,CSc1cc([Lr])cc2c1C1(C=C1[Lr])C(=O)C2(SC)SC,0,sym_7_mc_4,14003.0,None,False,acs,1
996,NCC1=C([Lr])C(C(=O)Nc2c([Lr])cccc2CN)=C1CN,0,sym_7_mc_4,14007.0,None,False,acs,1
997,C#CC1=NC(SSc2cc(C#C)c([Lr])cc2C#C)=CC1[Lr],0,sym_7_mc_4,14012.0,None,False,acs,1
998,NC1=CC2(C=C(N)N1[Lr])C(N)N(C[Lr])C=NC2(N)N,0,sym_7_mc_4,14020.0,None,False,acs,1
999,Sc1cc2c(cc1[Lr])C(S)(S)C1=C2C(S)C([Lr])=C1,0,sym_7_mc_4,14058.0,None,False,acs,0
1000,PC1=C([Lr])C(P)(P)C2=C1Cc1cc([Lr])c(P)cc12,0,sym_7_mc_4,14059.0,None,False,acs,1
1001,NCc1c([Lr])cc2c(c1CN)-c1ccc([Lr])c(CN)c1-2,0,sym_7_mc_4,14066.0,None,False,acs,1
1002,O=c1cc([Lr])c(Cl)ccc1-c1nc(Cl)c([Lr])cc1Cl,0,sym_7_mc_4,14067.0,None,False,acs,1
1003,NCc1cc([Lr])c(CN)nc1-c1c(CN)ccc([Lr])cc1=O,0,sym_7_mc_4,14071.0,None,False,acs,1
1004,Pc1c([Lr])ccc2c1cc(P)c1c(P)c([Lr])cc(P)c12,0,sym_7_mc_4,14076.0,None,False,acs,1
1005,NCc1cc2c(cc1[Lr])Oc1c(cc(CN)c([Lr])c1CN)S2,0,sym_7_mc_4,14101.0,None,False,acs,1
1006,NC1=C([Lr])C(N)(N)c2ccc3c(c21)C=C([Lr])C3N,0,sym_7_mc_4,14112.0,None,False,acs,1
1007,O=CC1=CC(C=O)=C2C([Lr])=NC=C([Lr])[SH]=C12,0,sym_7_mc_4,14114.0,None,False,acs,1
1008,Pc1cc2c(c(P)c1[Lr])C(P)c1ccc([Lr])c(P)c1-2,0,sym_7_mc_4,14120.0,None,False,acs,1
1009,Sc1c(S)c([Lr])c2c(c1S)Cc1ccc([Lr])c(S)c1-2,0,sym_7_mc_4,14123.0,None,False,acs,1
1010,Pc1ccc([Lr])c2c1C(P)c1c(P)cc([Lr])c(P)c1-2,0,sym_7_mc_4,14124.0,None,False,acs,1
1011,CSc1cc(-c2cnn([Lr])c2SC)ncc2c(SC)c(O)nc1-2,0,sym_7_mc_4,14133.0,None,False,acs,1
1012,Oc1cc([Lr])ccc1C#CC#Cc1cc(O)c([Lr])c(O)c1O,0,sym_7_mc_4,14157.0,None,False,acs,1
1013,Sc1cc([Lr])ccc1C#CC#Cc1cc(S)c([Lr])c(S)c1S,0,sym_7_mc_4,14159.0,None,False,acs,0
1014,Pc1cc([Lr])ccc1C#CC#Cc1c(P)cc([Lr])c(P)c1P,0,sym_7_mc_4,14160.0,None,False,acs,1
1015,CC1=C(C2=C(C)N([Lr])N=NN=C2)C=NN([Lr])N=C1,0,sym_7_mc_4,14166.0,None,False,acs,1
1016,O=C=NC(CC(N=C=O)(N=C=O)C([Lr])N=C=O)O[Lr],0,sym_7_mc_4,14182.0,None,False,acs,1
1017,O=S(O)C1N([Lr])C=NC([Lr])C1(S(=O)O)S(=O)O,0,sym_7_mc_4,14206.0,None,False,acs,0
1018,O=P(O)(O)OC1=C(C([Lr])OP(=O)(O)O)C=C1[Lr],0,sym_7_mc_4,14208.0,None,False,acs,0
1019,O=S(O)C1=C(S(=O)O)N([Lr])NC(S(=O)O)C1[Lr],0,sym_7_mc_4,14230.0,None,False,acs,1
1020,O=S(O)C1C([Lr])=CN([Lr])C(S(=O)O)C1S(=O)O,0,sym_7_mc_4,14244.0,None,False,acs,1
1021,O=C(O)CC1=C([Lr])CC(C(=O)O)(C(=O)O)N1[Lr],0,sym_7_mc_4,14262.0,None,False,acs,1
1022,[Lr]/C(=C/c1ccc(-c2ccccc2)n1[Lr])c1ccccc1,0,sym_7_mc_4,14266.0,None,False,acs,1
1023,N=C1SCC([Lr])(N=C=O)C(N=C=O)C1([Lr])N=C=O,0,sym_7_mc_4,14274.0,None,False,acs,1
1024,O=S(O)Cc1nn([Lr])c(C(S(=O)O)S(=O)O)c1[Lr],0,sym_7_mc_4,14281.0,None,False,acs,1
1025,S=CC1NNC([Lr])(C=S)N(C(C=S)(C=S)SS)N1[Lr],0,sym_7_mc_4,14297.0,None,False,acs,1
1026,OSC(O)C(SC(O)SC=C(O)C(O)[Lr])C(O)C(O)[Lr],0,sym_7_mc_4,14346.0,None,False,acs,1
1027,COOC(OC)(OOOO[Lr])OC(=CC(OC)C(C[Lr])OC)OC,0,sym_7_mc_4,14399.0,None,False,acs,1
1028,CSC1C=C(CC(C[Lr])(SC)SC)C(SC)(SC)N=C1[Lr],0,sym_7_mc_4,14410.0,None,False,acs,1
1029,CCC([Lr])=Cc1cc(CC)c(C(CC)C[Lr])c(CC)c1CC,0,sym_7_mc_4,14415.0,None,False,acs,0
1030,[Lr]C#CC1=C(n2ccnc2)C(OC([Lr])n2ccnc2)=C1,0,sym_7_mc_4,14420.0,None,False,acs,1
1031,NCC1=C([Lr])C(C(CN)CN)=C1C(CN)OCC([Lr])CN,0,sym_7_mc_4,14423.0,None,False,acs,1
1032,S=C1SC([Lr])=S(c2ccncc2)C(c2ccncc2)C1[Lr],0,sym_7_mc_4,14430.0,None,False,acs,1
1033,S=C1SC([Lr])C(c2ccccc2)=S(c2ccccc2)C1[Lr],0,sym_7_mc_4,14432.0,None,False,acs,1
1034,N#COC1=C([Lr])C2=CC(OC#N)C(OC#N)C2=C1[Lr],0,sym_7_mc_4,14445.0,None,False,acs,1
1035,OOC1=C([Lr])C2(OO)CC2(OO)C(OC([Lr])OO)=C1,0,sym_7_mc_4,14448.0,None,False,acs,0
1036,BrC(=C[Lr])C1=CC(C(Br)C(Br)=C(Br)[Lr])=C1,0,sym_7_mc_4,14456.0,None,False,acs,1
1037,OOc1cc(N(OO)c2cccc(OO)c2[Lr])c(OO)cc1[Lr],0,sym_7_mc_4,14475.0,None,False,acs,1
1038,O=C=NC1=NC(N=C=O)C2=C([Lr])C=C([Lr])C2=C1,0,sym_7_mc_4,14499.0,None,False,acs,1
1039,C#CC1=C(/C=C/[Lr])C(C#C)=C1/C(C#C)=C/[Lr],0,sym_7_mc_4,14536.0,None,False,acs,1
1040,S=Cc1c([Lr])ccc(-c2cn([Lr])c(C=S)n2)c1C=S,0,sym_7_mc_4,14542.0,None,False,acs,1
1041,O=S(O)C1=C([Lr])N=C1Oc1cc([Lr])cnc1S(=O)O,0,sym_7_mc_4,14556.0,None,False,acs,1
1042,NC(=O)C1=C(Oc2ccc([Lr])nc2C(N)=O)C=C1[Lr],0,sym_7_mc_4,14591.0,None,False,acs,1
1043,NC(=O)C1=NC(Oc2cc([Lr])ccc2C(N)=O)=C1[Lr],0,sym_7_mc_4,14610.0,None,False,acs,1
1044,NC(=O)c1cc(-c2ncc([Lr])nc2C(N)=O)nnc1[Lr],0,sym_7_mc_4,14621.0,None,False,acs,1
1045,CP(C)c1cc([Lr])nnc1-c1cnc([Lr])c(P(C)C)n1,0,sym_7_mc_4,14624.0,None,False,acs,1
1046,Cc1ccc([Lr])c(C2=C(C(C)C)C=C([Lr])C2C)c1C,0,sym_7_mc_4,14646.0,None,False,acs,1
1047,N#CC1=C([Lr])C(C#N)=C1OOc1ccc([Lr])cc1C#N,0,sym_7_mc_4,14658.0,None,False,acs,1
1048,CCC1=C([Lr])C(=O)C(c2ccc([Lr])c(CC)c2)=N1,0,sym_7_mc_4,14676.0,None,False,acs,0
1049,O=c1cc(-c2ccc([Lr])cc2Br)c(Br)c(Br)n1[Lr],0,sym_7_mc_4,14679.0,None,False,acs,1
1050,Clc1c([Lr])cc2sc3c([Lr])cc-3cc-2c(Cl)c1Cl,0,sym_7_mc_4,14705.0,None,False,acs,1
